0,12,12,12,-1,4,0,17,8,16,-3,21,4,2,12,19,4,2,6,2,-1,3,9,6,4,8,1,1,13,6,3,0,1,2,6,1,4,2,11,0,2,4,4,0,2,0,2,6,2,3,1,0,3,2,1,0,0,0,0,4,1,2,5,-1,1,0,0,4,1,1,2,0,3,1,0,0,1,2,4,0,0,3,1,0,1,0,1,0,0,1,0,4,1,6,0,0,2,0,0,0,0,0,0,2,2,-1,1,1,1,0,1,1,-17
-12,0,13,6,2,7,0,18,2,13,9,21,3,-1,8,8,2,4,4,2,5,-1,2,3,2,8,1,0,4,8,1,3,2,2,0,1,1,2,11,2,3,2,17,1,1,1,2,0,2,0,0,0,0,2,0,0,0,2,1,7,0,2,3,1,0,0,0,6,1,0,0,3,7,0,0,0,0,3,3,0,0,1,0,0,0,2,1,0,1,0,0,3,1,0,0,0,6,0,6,1,1,1,0,2,0,0,0,0,0,1,1,0,-8
-12,-13,0,2,-2,10,-3,2,1,7,6,24,-2,1,4,11,3,4,-2,-3,1,0,3,3,0,0,-1,1,1,5,0,1,0,1,1,0,0,1,9,0,2,7,12,0,0,2,3,1,0,1,0,2,2,2,1,0,0,0,0,3,0,1,3,0,0,0,0,6,0,1,1,5,2,0,0,0,0,3,0,0,0,0,0,0,0,1,1,0,0,1,0,1,0,1,0,0,8,2,11,1,0,0,0,11,1,0,1,0,1,0,2,0,-23
-12,-6,-2,0,0,0,2,2,0,4,-1,7,1,-4,9,5,2,7,6,1,2,2,0,5,-1,7,2,3,3,3,0,0,0,1,1,4,1,4,5,1,2,0,7,1,1,5,2,1,1,2,0,1,8,2,0,0,0,0,2,1,1,1,3,0,0,1,0,0,0,1,0,3,4,0,0,0,1,3,0,0,0,4,2,0,1,0,3,0,0,0,0,5,2,10,1,0,0,1,0,0,0,0,0,0,0,0,1,0,0,1,1,0,-12
1,-2,2,0,0,-1,0,3,3,-1,2,2,1,0,-1,3,2,2,-1,2,4,2,-1,2,3,1,1,1,5,1,0,0,0,0,3,0,1,1,1,0,3,0,3,0,0,2,-1,1,2,0,1,0,0,0,0,0,0,0,2,7,1,1,0,0,0,0,0,4,0,0,3,1,0,0,0,1,1,0,0,0,0,0,1,0,0,0,3,0,0,0,0,1,1,0,0,0,0,0,2,0,0,0,0,0,0,0,0,0,0,0,0,0,-7
-4,-7,-10,0,1,0,0,1,0,5,-2,15,3,2,8,9,3,2,6,2,8,2,3,2,2,2,-1,0,2,1,2,0,0,0,4,-1,0,1,7,-1,4,1,1,0,1,3,3,2,1,5,1,1,4,0,0,0,2,1,1,1,-1,1,4,2,0,0,0,1,2,2,1,1,4,2,0,0,0,1,1,0,1,2,2,0,4,1,5,0,0,0,0,0,4,0,1,0,0,0,4,1,0,0,0,1,0,1,2,0,1,0,4,0,-21
0,0,3,-2,0,0,0,1,-6,4,0,4,2,2,-1,2,0,1,0,2,0,2,4,2,0,2,0,2,0,1,0,1,2,0,0,0,0,0,1,0,3,1,1,4,2,2,0,2,1,2,3,1,2,0,2,0,0,0,1,0,2,1,2,1,2,0,2,2,1,1,1,5,1,2,0,2,0,1,0,0,0,3,0,0,1,0,4,0,1,1,2,3,1,1,1,1,2,3,3,0,0,2,0,2,0,2,0,2,1,1,3,0,-1
-17,-18,-2,-2,-3,-1,-1,0,9,-3,-2,0,2,1,2,9,6,2,1,0,-1,6,4,2,2,2,2,2,4,5,2,1,0,3,1,3,2,2,7,1,4,3,1,1,1,3,0,3,0,1,1,0,1,0,0,0,1,0,1,4,1,2,7,0,0,1,2,1,0,1,3,3,4,0,0,0,1,3,1,0,2,2,1,0,5,1,0,0,0,1,0,1,4,2,0,0,0,1,2,0,1,0,0,0,1,0,0,0,1,0,8,0,-23
-8,-2,-1,0,-3,0,6,-9,0,-1,1,-3,-2,3,1,0,4,6,3,5,0,6,4,2,4,5,6,-2,4,5,8,4,1,1,1,1,0,7,5,-1,2,5,6,3,0,3,5,0,2,1,3,2,3,0,3,0,0,0,0,4,2,6,0,1,1,3,1,1,1,5,2,2,5,1,0,2,1,2,2,0,1,2,2,1,2,1,2,1,0,1,1,4,1,1,0,1,3,0,3,0,1,3,0,0,0,2,0,1,0,1,1,0,-11
-16,-13,-7,-4,1,-5,-4,3,1,0,-1,2,-3,0,2,5,4,2,3,2,2,1,-1,2,0,1,1,2,1,3,1,0,1,2,0,0,0,0,3,2,2,1,1,0,0,1,1,0,0,0,0,0,0,0,0,0,0,2,2,3,1,0,8,0,0,0,0,3,0,1,1,2,2,1,0,0,0,14,0,0,0,4,2,0,1,0,0,1,0,0,0,0,7,3,0,1,2,0,4,0,0,0,0,3,0,0,0,0,9,0,0,1,-19
3,-9,-6,1,-2,2,0,2,-1,1,0,3,-4,0,1,-1,0,0,1,2,1,0,1,3,3,0,3,1,0,1,1,2,0,3,2,1,0,0,4,0,0,2,2,0,1,0,1,1,1,0,0,0,1,2,0,0,0,2,1,0,0,0,3,0,0,0,0,3,0,0,1,1,1,0,0,0,0,0,0,0,1,0,1,0,0,0,1,0,0,0,0,1,1,0,0,0,0,0,4,0,0,0,0,1,0,0,0,0,2,0,2,1,-10
-21,-21,-24,-7,-2,-15,-4,0,3,-2,-3,0,-1,4,0,10,5,-1,1,3,4,2,10,3,2,-2,6,1,1,7,0,1,2,2,1,0,1,0,4,0,4,1,2,1,-1,6,5,3,3,2,0,1,3,4,1,2,1,0,1,1,0,2,4,2,4,0,0,1,0,1,3,12,1,3,1,1,-1,2,3,0,0,2,8,2,2,0,1,0,0,0,0,5,4,1,0,0,4,0,0,0,0,1,0,1,0,1,0,0,1,1,0,0,-29
-4,-3,2,-1,-1,-3,-2,-2,2,3,4,1,0,-5,-2,3,-2,1,4,4,0,0,2,2,0,8,2,1,0,4,1,2,0,2,1,3,0,1,2,0,4,1,1,0,0,0,0,0,1,2,2,0,2,2,1,0,0,1,3,2,0,0,2,0,0,1,-1,0,0,-1,0,1,0,0,0,0,2,3,2,0,0,0,0,0,1,0,4,0,1,1,1,3,1,1,1,0,0,1,1,0,0,0,0,0,0,0,0,0,0,0,0,0,-17
-2,1,-1,4,0,-2,-2,-1,-3,0,0,-4,5,0,1,1,4,-2,-1,0,3,3,-1,0,3,0,1,1,0,3,0,4,-1,0,1,0,0,1,2,1,2,0,0,2,0,-1,1,0,2,2,3,1,0,6,3,0,1,0,1,0,3,0,3,2,0,1,-1,1,6,0,0,4,0,0,3,0,2,1,0,0,0,0,0,0,3,1,1,0,0,0,0,2,0,0,1,0,1,0,6,1,0,0,0,2,0,1,0,1,0,0,5,0,-7
-12,-8,-4,-9,1,-8,1,-2,-1,-2,-1,0,2,-1,0,2,0,1,-1,0,2,1,0,2,0,2,0,2,3,1,1,0,2,0,4,1,1,1,14,1,1,1,3,0,0,1,0,0,2,0,1,1,2,2,2,2,0,2,1,1,1,1,3,0,1,1,0,1,0,0,1,0,1,0,1,0,0,0,1,0,0,0,0,0,0,4,1,1,0,0,0,1,0,4,1,0,0,0,0,1,0,0,0,4,3,0,0,0,1,0,1,0,-8
-19,-8,-11,-5,-3,-9,-2,-9,0,-5,1,-10,-3,-1,-2,0,5,2,2,0,1,0,4,1,3,5,-4,2,0,3,-1,0,0,2,1,4,1,1,3,0,1,1,3,1,1,4,1,0,1,0,2,1,3,1,1,0,0,0,2,2,1,1,10,0,0,0,0,1,0,1,2,3,2,0,0,0,-1,14,2,0,0,3,2,0,0,0,3,1,0,1,0,0,12,2,1,1,2,0,0,1,0,2,0,4,2,1,0,0,10,0,0,11,-17
-4,-2,-3,-2,-2,-3,0,-6,-4,-4,0,-5,2,-4,0,-5,0,-4,2,1,2,1,0,4,1,4,4,2,1,-1,0,7,1,3,1,4,1,2,0,3,0,2,-2,0,5,2,-1,1,3,0,1,0,2,5,-1,0,0,-1,2,1,2,4,3,1,0,0,0,-1,0,1,3,1,1,0,1,2,2,2,1,-1,0,0,3,0,1,1,1,0,0,2,2,5,1,0,0,0,2,1,1,0,0,1,0,0,1,1,0,1,0,1,1,0,-8
-2,-4,-4,-7,-2,-2,-1,-2,-6,-2,0,1,-1,2,-1,-2,4,0,1,-2,-2,0,0,2,1,-2,1,1,3,1,0,3,4,4,1,3,1,0,0,2,0,-1,0,4,0,2,0,0,5,1,2,0,12,3,1,6,3,-1,1,0,2,2,2,6,4,1,1,0,2,2,0,2,2,2,1,1,1,1,1,1,2,1,2,1,10,0,3,5,0,0,0,0,1,4,2,0,0,6,5,0,0,0,0,0,0,1,0,1,0,4,9,0,-9
-6,-4,2,-6,1,-6,0,-1,-3,-3,-1,-1,-4,1,1,-2,-2,-1,0,0,0,-1,0,4,1,3,-1,1,3,1,1,1,2,0,-2,0,0,1,3,0,2,0,0,1,0,1,0,0,0,3,1,1,1,3,2,1,0,1,2,0,0,1,-1,0,2,2,0,1,1,4,0,1,2,1,0,0,-1,2,1,0,0,6,2,0,0,0,2,1,0,0,0,0,0,0,0,0,0,0,0,0,0,0,0,1,0,0,2,0,0,0,0,1,-8
-2,-2,3,-1,-2,-2,-2,0,-5,-2,-2,-3,-4,0,0,0,-1,2,0,0,0,0,0,-1,-2,2,0,2,0,5,4,3,-1,1,1,4,1,2,2,7,4,1,0,0,2,0,0,0,0,2,2,0,5,3,3,1,0,0,1,0,1,0,3,2,2,0,0,0,2,0,0,2,0,3,4,0,2,3,3,0,2,0,0,1,2,3,0,1,2,1,0,1,0,3,1,1,0,1,1,0,0,6,0,1,2,0,1,0,1,1,2,1,-12
1,-5,-1,-2,-4,-8,0,1,0,-2,-1,-4,0,-3,-2,-1,-2,2,0,0,0,0,0,0,1,0,2,-2,3,1,3,1,4,1,0,2,0,1,4,0,2,0,0,1,0,1,0,1,3,2,2,1,4,2,0,1,0,1,2,1,2,0,5,-1,1,0,4,0,4,0,4,3,1,3,3,2,3,0,1,2,1,4,1,3,4,2,1,1,0,1,0,2,0,2,0,1,3,5,0,2,1,0,0,2,0,1,3,1,1,1,2,0,-5
-3,1,0,-2,-2,-2,-2,-6,-6,-1,0,-2,0,-3,-1,0,-1,0,1,0,0,0,1,-3,-1,2,1,2,1,-1,2,0,-1,0,0,3,1,0,3,2,0,0,0,2,2,1,0,0,0,1,0,0,-1,1,1,1,4,0,0,-1,0,1,0,-1,1,2,1,0,4,0,0,1,0,0,4,0,6,1,0,0,4,0,1,0,3,2,1,0,0,0,0,0,0,1,0,0,0,3,1,0,0,1,0,0,0,0,0,1,0,2,1,0,-7
-9,-2,-3,0,1,-3,-4,-4,-4,1,-1,-10,-2,1,0,-4,0,0,0,0,0,-1,0,3,1,-2,0,-1,0,-1,1,0,1,1,0,0,1,1,-1,0,2,3,0,2,4,3,1,2,4,2,0,0,3,1,4,1,-1,1,0,1,2,1,0,1,0,1,5,1,1,2,3,1,2,3,4,0,-1,3,1,0,0,3,1,0,1,7,0,0,0,2,0,0,2,1,0,0,3,1,3,0,0,4,0,1,1,0,9,0,0,3,1,0,-11
-6,-3,-3,-5,-2,-2,-2,-2,-2,-2,-3,-3,-2,0,-2,-1,-4,-2,-4,1,0,3,-3,0,1,-1,1,1,0,2,0,0,0,2,1,0,2,0,1,2,2,2,0,1,0,-1,0,0,1,0,1,0,0,3,0,0,1,0,2,0,1,1,0,1,1,2,2,0,0,0,0,0,2,1,0,0,1,2,0,0,0,2,1,0,1,0,1,2,0,0,1,0,1,1,2,0,0,2,0,0,0,0,0,0,1,0,0,0,0,0,0,1,-6
-4,-2,0,1,-3,-2,0,-2,-4,0,-3,-2,0,-3,0,-3,-1,-1,-1,2,-1,1,-1,-1,0,0,-1,1,1,0,0,1,1,0,0,2,0,2,1,2,0,0,1,0,0,-2,2,1,2,0,2,-1,0,2,8,2,3,1,2,0,3,0,1,0,3,0,3,0,5,0,0,-1,0,2,0,1,0,0,0,2,1,1,1,0,2,3,3,0,0,1,0,2,1,1,1,1,1,2,0,0,0,0,1,0,1,1,0,1,0,2,1,0,-6
-8,-8,0,-7,-1,-2,-2,-2,-5,-1,0,2,-8,0,-2,-5,-4,2,-3,-2,0,-2,2,1,0,0,4,-3,0,0,2,-2,5,-2,0,3,0,1,0,1,8,1,0,0,1,1,0,0,5,0,0,0,5,6,1,1,1,3,2,0,0,9,1,2,3,0,-1,3,3,5,6,1,3,3,2,1,3,3,2,2,2,0,6,0,2,1,3,0,0,2,1,6,1,4,0,0,0,1,3,1,0,5,1,3,2,1,2,0,0,6,2,0,-7
-1,-1,1,-2,-1,1,0,-2,-6,-1,-3,-6,-2,-1,0,4,-4,-1,1,0,-2,-1,0,-1,1,-4,0,-1,0,0,4,1,4,0,0,1,0,0,4,1,1,0,1,1,0,1,3,0,-1,0,-1,1,1,1,3,0,1,0,2,1,1,-1,0,0,0,2,0,0,1,1,0,0,0,3,0,1,1,2,1,0,3,2,2,0,0,1,1,1,1,1,1,0,-1,0,0,0,2,2,1,0,0,0,0,1,1,0,0,0,0,0,2,1,-3
-1,0,-1,-3,-1,0,-2,-2,2,-2,-1,-1,-1,-1,-2,-2,-2,-1,-1,-2,2,-2,1,-1,-1,3,1,0,-2,-1,2,2,-1,3,0,0,-1,-2,0,2,0,1,3,6,3,0,0,0,1,0,2,0,1,0,1,1,4,0,4,1,0,4,1,2,0,2,-2,2,3,0,2,3,2,3,0,1,1,1,0,0,1,1,6,2,3,1,4,0,1,3,0,2,1,0,0,1,3,2,1,1,0,1,0,2,0,2,0,1,0,0,0,1,-13
-13,-4,-1,-3,-5,-2,0,-4,-4,-1,0,-1,0,0,-3,0,-1,-3,-3,0,-3,-1,0,0,-1,0,0,2,0,-1,-3,1,2,5,-1,2,0,2,2,1,1,2,1,0,0,1,0,1,2,0,2,1,1,0,2,0,0,-1,1,1,0,0,0,1,0,0,0,0,0,0,0,1,0,1,0,0,0,1,0,0,0,1,0,1,0,1,1,0,0,1,0,8,1,3,1,0,0,1,0,0,0,0,0,0,0,2,0,2,0,0,1,0,-5
-6,-8,-5,-3,-1,-1,-1,-5,-5,-3,-1,-7,-4,-3,-1,-3,1,-1,-1,-5,-1,1,1,-2,0,0,0,1,1,0,0,1,-2,1,0,2,2,-1,1,-2,0,1,0,2,1,0,0,1,1,0,0,0,1,1,1,1,0,0,3,-1,1,1,1,1,0,3,0,1,1,1,1,2,3,0,1,0,1,3,1,0,0,3,2,0,1,4,3,0,0,2,0,0,2,1,0,0,2,0,3,3,0,0,0,0,1,1,1,0,0,0,0,0,-11
-3,-1,0,0,0,-2,0,-2,-8,-1,-1,0,-1,0,-1,1,0,0,-1,-4,-3,-2,-1,0,0,-2,-4,-2,3,0,0,4,0,-1,0,-3,0,0,1,-1,-1,1,0,0,-1,2,0,0,0,1,2,0,4,-1,3,2,3,1,0,0,8,2,2,3,1,3,3,0,4,1,1,1,1,3,1,2,3,1,1,1,0,1,1,0,4,2,1,3,0,1,0,7,1,1,0,0,1,5,9,1,1,1,1,4,1,0,1,0,0,4,1,3,-16
0,-3,-1,0,0,0,-1,-1,-4,0,-2,-1,-2,-4,0,0,-7,-3,-1,-3,-1,0,0,0,-1,2,-1,-2,-1,-1,-4,0,-1,0,0,2,1,0,1,-1,2,1,2,-2,1,-1,0,0,1,0,0,0,8,2,3,2,1,2,0,0,1,0,2,-1,1,4,3,0,2,1,2,3,4,1,3,0,2,1,2,2,1,0,2,2,1,3,0,3,1,1,4,1,2,0,3,0,2,5,3,0,2,2,0,1,2,1,0,1,0,2,5,0,-15
-1,-2,0,0,0,0,-2,0,-1,-1,0,-2,0,1,-2,0,-1,-4,-2,1,-4,1,-1,0,-1,-5,-4,1,-2,2,0,1,0,0,0,0,-1,0,0,0,0,5,0,1,0,0,0,0,0,0,0,0,-1,1,1,-1,0,0,1,2,1,1,1,0,0,0,2,0,2,0,0,0,0,1,2,0,0,0,1,0,2,1,1,1,1,0,2,0,0,0,0,0,0,0,1,0,0,0,1,0,0,0,0,0,0,0,0,0,0,0,0,0,-9
-2,-2,-1,-1,0,0,0,-3,-1,-2,-3,-2,-2,0,0,-2,-3,-4,0,-1,-1,0,-1,-2,0,2,0,-3,-5,-1,1,0,0,0,0,0,0,0,1,0,0,-1,0,2,1,0,0,0,0,1,2,0,0,-1,5,0,1,0,2,0,0,-1,1,0,0,0,0,0,0,1,0,0,1,0,1,0,0,0,1,0,2,0,0,0,0,0,0,0,0,1,0,0,0,0,2,0,0,0,3,0,0,1,1,2,2,6,1,2,1,0,0,0,-7
-6,0,-1,-1,-3,-4,0,-1,-1,0,-2,-1,-1,-1,-4,-1,-1,-1,2,-1,0,0,0,-1,0,0,0,0,1,0,0,0,0,0,0,1,0,1,-2,0,0,0,0,0,1,0,0,0,0,-1,0,0,0,0,1,0,0,0,0,0,0,-1,0,0,1,1,0,0,1,1,1,0,0,0,0,0,1,0,0,0,0,0,0,0,0,0,0,0,0,0,0,1,1,1,0,0,0,0,1,1,0,1,0,0,2,0,0,0,1,1,0,0,-4
-1,-1,0,-4,0,1,0,-3,-1,0,-1,0,-3,0,-1,-4,-4,-3,0,-4,-2,-3,0,0,-2,-3,-1,0,-2,-2,3,-2,0,0,-1,0,0,-1,0,-1,0,0,0,0,2,1,0,-1,2,0,0,0,2,1,1,0,3,0,1,0,0,1,1,0,1,1,1,0,0,0,0,1,1,1,2,0,0,1,2,2,1,1,0,1,0,0,0,0,0,1,0,3,0,2,1,0,1,1,1,0,1,1,0,1,0,1,0,0,0,1,2,0,-11
-4,-1,0,-1,-1,0,0,-2,0,0,0,-1,0,0,-1,-1,-1,-1,0,-1,0,-1,-1,-2,0,0,0,1,0,-2,0,-1,1,0,0,0,0,-1,1,0,0,0,0,0,0,0,0,0,0,1,0,0,0,0,0,1,1,0,-1,1,1,0,0,0,0,0,0,0,0,0,0,0,0,0,1,1,3,0,1,0,0,0,0,0,1,0,0,0,0,0,0,7,1,0,4,0,0,0,0,0,0,3,0,0,1,0,0,0,0,1,0,0,-3
-2,-2,-1,-4,-1,-1,0,-2,-7,0,0,0,-1,-1,-1,-1,-2,0,-1,-2,-1,0,-1,0,-2,-1,0,2,-2,1,0,0,0,0,-1,1,1,0,-1,0,0,0,0,0,1,0,-2,0,1,0,0,0,0,0,0,0,0,0,1,-1,0,0,0,1,1,2,0,0,0,0,0,1,1,1,1,0,0,1,0,0,1,0,0,0,0,0,0,0,0,0,0,1,1,1,3,0,1,0,2,0,0,0,0,0,0,1,1,0,0,0,0,0,-5
-11,-11,-9,-5,-1,-7,-1,-7,-5,-3,-4,-4,-2,-2,-14,-3,0,0,-3,-2,-4,-3,1,-1,-1,0,-4,0,-2,-1,-1,-1,0,-1,2,0,-1,1,0,1,0,1,1,-1,1,2,-1,0,1,0,0,-1,2,0,0,0,-1,0,0,1,0,3,1,0,0,0,0,1,1,1,1,3,0,0,0,1,1,0,0,0,0,0,0,0,-1,0,2,0,0,0,0,1,1,2,0,1,2,0,0,0,0,0,0,1,10,3,1,3,0,1,0,0,-21
0,-2,0,-1,0,1,0,-1,1,-2,0,0,0,-1,-1,0,-3,-2,0,-7,0,-2,0,-2,-2,-1,-1,-2,-1,2,1,1,0,0,0,1,0,0,-1,0,-3,0,1,0,0,0,1,0,0,0,1,1,2,0,1,-2,-1,1,3,0,-2,0,2,0,0,0,0,0,1,0,0,1,2,2,1,3,0,4,0,0,0,0,0,0,1,0,0,1,0,0,0,0,0,1,0,0,2,0,2,0,3,0,0,0,0,0,0,0,0,0,0,0,-4
-2,-3,-2,-2,-3,-4,-3,-4,-2,-2,0,-4,-4,-2,-1,-1,0,0,-2,-4,-2,0,-2,-2,0,-8,-1,0,-1,0,1,-2,0,0,0,0,0,0,0,3,0,0,1,1,1,0,0,0,0,0,0,0,0,0,0,0,0,0,-2,0,0,0,0,0,0,0,0,0,-1,0,0,0,1,1,0,1,2,2,0,0,1,0,0,0,1,0,0,0,0,0,0,0,0,1,1,0,1,1,0,0,0,0,0,0,0,0,0,0,0,0,0,0,-8
-4,-2,-7,0,0,-1,-1,-3,-5,-1,-2,-1,-1,0,-1,-1,-2,1,0,-1,0,0,-3,-2,0,-1,0,-1,-2,-1,-1,-1,-5,1,0,0,0,0,-1,0,0,0,-2,0,1,0,0,0,2,0,0,0,0,0,1,0,1,0,0,0,0,0,0,0,0,0,0,1,2,1,0,0,1,1,0,0,0,0,0,0,0,0,0,0,0,1,0,0,0,3,0,1,0,0,0,0,1,1,1,1,1,0,0,3,0,0,2,0,0,0,0,0,-7
-4,-17,-12,-7,-3,-1,-1,-1,-6,-1,-2,-2,-1,0,-3,-3,2,0,0,0,0,0,0,0,-1,0,-1,-3,-1,0,0,-2,0,0,0,0,0,0,-1,-1,-1,2,0,-1,0,0,0,0,0,0,0,0,1,0,0,0,0,0,1,3,0,0,2,0,0,0,0,0,0,-1,0,0,1,0,0,0,0,0,0,0,0,0,0,0,0,0,0,0,0,0,0,0,1,0,0,0,3,0,19,0,0,0,0,5,0,0,0,0,1,0,0,0,-7
0,-1,0,-1,0,0,-4,-1,-3,0,0,-1,0,-2,0,-1,0,-4,-1,0,-1,-2,-2,-1,0,0,-1,-6,0,-2,0,2,-1,-2,0,0,0,0,1,0,-1,0,1,0,0,0,0,-2,0,0,-1,0,1,1,-1,0,0,1,3,2,-1,0,1,0,0,0,0,0,0,0,-1,0,0,0,2,0,0,0,0,0,0,0,-1,0,0,0,1,0,1,1,1,0,0,1,0,0,4,0,5,1,0,0,0,4,0,0,0,0,1,0,2,2,-10
-2,-1,0,-1,0,-1,-2,-1,0,0,-1,1,0,0,0,-1,-5,0,0,-2,0,-2,-4,0,0,-1,0,-3,0,-1,1,-1,0,-1,-1,-2,0,-1,-1,0,-1,-1,0,0,0,1,0,0,2,0,0,0,-3,-1,1,2,1,1,0,1,0,2,0,2,-1,6,3,0,3,0,1,0,1,4,7,0,0,0,0,0,2,0,1,6,2,2,1,0,1,0,0,4,0,0,1,2,0,2,4,0,0,3,4,2,1,0,0,0,0,8,3,0,-12
0,-1,-2,-5,-2,-3,-2,-3,-3,-1,0,-6,0,1,-1,-4,-2,-2,-1,0,-1,-1,-3,1,2,-1,-1,0,-1,0,-2,1,0,0,0,-1,0,0,-2,0,0,0,0,0,-1,0,0,0,2,0,0,0,0,1,1,0,0,0,0,1,0,0,0,0,0,0,1,0,0,0,0,0,0,-1,-1,0,0,0,0,0,0,1,0,1,0,0,0,0,0,0,0,1,0,1,0,0,0,0,0,0,1,0,0,0,0,0,0,0,0,0,0,0,-5
-2,-2,-3,-2,1,-3,0,0,-5,-1,-1,-5,0,-1,0,-1,1,0,0,0,0,0,-1,0,-2,0,-3,0,0,0,0,0,0,0,0,0,0,2,1,-1,0,0,0,0,0,0,0,0,1,0,0,0,0,-1,-1,0,0,0,-1,0,0,-1,0,0,0,0,0,1,0,0,1,0,2,0,1,1,0,2,0,0,0,2,1,0,1,1,0,0,0,2,0,0,0,0,0,0,1,0,4,0,2,0,0,0,1,0,0,0,0,0,0,0,-7
-6,0,-1,-1,-1,-2,-2,-3,0,0,-1,-3,0,0,0,0,-1,0,0,0,-1,0,-2,0,-1,0,0,0,-1,-1,0,0,0,0,0,1,0,0,0,0,0,0,0,2,0,0,0,0,0,0,0,0,0,0,0,0,0,0,0,0,0,0,0,0,0,0,0,0,2,-2,0,0,0,0,0,0,0,0,0,0,0,0,0,0,0,0,0,0,0,0,0,0,0,0,0,0,0,0,1,0,0,0,0,0,0,0,0,0,0,0,0,0,-2
-2,-2,0,-1,-2,-1,-1,0,-2,0,-1,-3,-1,-2,-2,-1,-3,-5,0,0,-3,0,-4,-1,-2,-5,1,-1,-2,-1,0,-1,0,0,0,-2,0,-1,-1,0,0,-2,0,0,-2,-2,-1,0,0,0,-1,0,0,2,4,3,2,1,-1,-2,0,0,0,0,4,3,5,0,1,0,2,0,2,1,0,0,1,3,0,4,0,0,1,6,0,0,0,1,1,1,0,4,0,0,0,0,0,3,1,1,0,2,0,0,1,2,3,0,1,3,0,0,-7
-3,0,-1,-2,0,-5,-2,-1,-1,0,0,-2,-2,-2,0,0,0,-1,-3,-2,-2,-1,-2,0,0,0,0,0,0,0,-1,0,0,-1,1,0,-1,0,0,0,0,0,0,0,0,0,0,0,0,0,0,0,0,1,0,0,0,0,0,0,0,0,1,0,-1,0,0,0,0,0,0,0,0,1,0,0,0,1,0,0,0,0,0,0,1,1,0,0,0,0,0,0,0,0,0,0,0,0,0,0,0,0,0,0,0,0,0,0,0,2,0,0,-5
-1,0,0,0,-1,-1,-3,-1,-3,0,0,0,-2,-3,-1,-2,-1,-2,-1,-2,-2,0,0,-1,-2,0,1,-2,-2,0,-2,0,0,-2,0,0,0,0,0,-1,0,0,0,1,0,0,0,0,1,0,0,0,1,0,-1,0,0,0,-1,3,-3,1,0,0,1,1,1,0,0,0,0,1,0,0,0,1,0,-1,1,0,0,0,0,0,2,0,0,0,2,1,0,0,0,0,0,0,1,0,1,0,2,0,0,1,0,2,1,1,0,0,0,1,-10
0,0,-2,-1,0,-1,-1,0,-2,0,0,-1,0,-1,-1,-1,0,0,-1,0,-1,0,0,0,1,0,-1,0,-1,0,0,0,0,0,0,0,0,0,1,-1,0,0,0,0,0,0,0,0,0,0,0,0,0,0,0,0,0,0,0,0,0,1,0,0,-1,0,0,0,0,0,0,1,0,0,0,0,0,0,0,0,0,0,0,0,0,0,0,0,1,0,0,0,0,0,0,0,0,0,0,0,0,0,0,0,5,0,0,0,0,0,0,0,-1
-3,0,-2,-8,0,-4,-2,-1,-3,0,-1,-3,-2,0,-2,-3,-2,-12,-1,-5,-4,1,-3,0,0,-5,-1,-1,-1,-1,-4,-8,1,0,0,-2,0,0,-2,-2,0,0,-1,-1,3,0,0,0,0,0,-1,0,0,2,0,-1,-1,1,0,0,0,3,-1,1,0,1,3,0,2,0,2,1,0,0,1,0,1,0,0,0,1,-1,1,0,1,5,2,0,0,0,0,1,0,-1,3,0,1,1,1,0,1,2,2,0,0,0,1,5,0,1,1,1,-21
-2,-2,-2,-2,0,0,0,0,0,0,-2,-4,-2,-6,-2,-1,-5,-3,-3,-3,-2,-1,-1,-3,-2,-6,-1,0,0,-1,1,-2,-1,1,0,-1,0,0,0,0,0,0,0,-1,1,-1,1,0,-2,-1,0,0,-2,0,-1,1,1,0,0,0,1,0,0,1,1,1,0,0,2,0,0,3,1,0,0,0,1,-1,1,0,0,2,1,2,0,1,1,2,0,0,0,1,1,0,1,1,5,2,0,0,1,0,0,0,0,0,0,1,1,3,1,0,-11
-1,0,-1,0,0,0,-2,0,-3,0,0,-1,-1,-3,-2,-1,1,-1,-2,-3,0,-1,-4,0,-8,-1,-3,-1,-2,-1,-3,-3,-1,-5,-1,-1,0,0,0,-1,0,-1,0,1,-1,-1,1,0,-4,0,1,0,0,1,0,2,0,0,0,0,0,0,0,0,0,2,2,0,1,0,0,1,2,1,1,1,2,0,0,-1,-1,0,0,4,0,1,1,0,0,2,2,0,0,1,0,0,4,0,3,1,0,0,0,1,0,2,2,1,2,0,2,0,-9
0,0,0,0,0,0,0,0,0,0,0,-2,0,0,-2,0,0,-6,-1,-1,-1,-1,-1,0,-2,-1,0,-1,0,-1,-2,-2,1,0,0,0,-1,0,0,2,0,0,0,0,-2,0,0,0,-3,0,0,0,1,-1,-2,0,1,0,2,0,0,-1,1,-1,3,1,0,0,0,0,0,1,0,1,0,0,1,-1,0,1,0,0,0,6,1,2,0,0,0,0,0,1,0,0,0,2,1,2,0,1,0,0,0,1,0,3,2,0,0,3,1,0,-13
0,0,0,0,0,-2,0,-1,0,0,0,-1,0,-1,0,0,0,-3,0,0,0,-4,1,-1,-3,-1,-1,-4,0,0,-3,-1,0,-1,0,-3,-1,0,1,1,0,-1,0,0,-1,0,0,0,-2,0,0,0,1,-1,0,-1,0,0,1,0,0,1,-1,0,0,1,1,0,0,0,0,0,0,3,0,1,3,0,1,1,0,0,0,-1,1,1,0,0,0,1,0,0,0,0,0,0,0,0,0,0,0,0,0,0,0,1,0,0,0,1,0,0,-5
0,-2,0,0,0,-1,0,0,0,-2,-2,0,-1,0,-2,0,1,1,-1,0,-1,0,-1,0,-1,-3,0,0,1,0,-1,-2,0,0,0,0,0,0,0,-1,0,0,0,-1,-1,0,0,0,-1,0,0,0,-1,0,0,0,0,0,0,0,1,1,2,0,0,0,1,0,0,1,1,0,-1,0,0,0,0,1,0,1,0,0,0,0,0,1,0,0,0,0,0,0,0,0,0,0,1,0,0,0,0,0,0,0,0,0,0,0,0,0,0,0,-7
0,-1,0,-2,-2,-1,-1,-1,0,-2,-1,-1,-3,-1,-1,-2,-2,-1,-2,-1,-2,0,0,-2,-2,-2,-2,-4,-1,-3,0,0,-1,-2,0,-1,1,-1,0,-3,2,0,-1,-3,0,0,1,0,1,0,1,0,0,0,0,-2,-1,0,0,0,0,0,0,2,0,0,1,0,-1,0,1,0,0,0,0,0,0,0,0,0,0,0,1,0,0,0,0,0,0,0,0,0,1,0,0,0,2,0,4,0,0,1,0,2,0,0,0,0,1,1,1,1,-5
-4,-7,-3,-1,-7,-1,0,-4,-4,-3,0,-1,-2,0,-1,-2,-1,0,0,0,-1,1,-1,0,0,0,-1,-1,-1,1,0,0,-2,0,0,0,-1,1,-1,0,0,0,-3,-2,-1,-1,0,0,2,0,-3,0,0,0,0,0,0,0,0,0,0,0,0,0,0,0,0,0,3,0,0,0,3,-1,-1,0,0,2,0,0,0,0,2,0,1,0,0,0,1,3,0,0,1,0,0,0,1,0,1,0,0,0,0,5,0,0,0,0,0,0,1,0,-9
-1,0,0,-1,-1,1,-2,-1,-2,-1,0,0,0,-3,-1,-1,-2,-2,0,-1,-2,0,-2,-1,-3,0,-1,0,0,-1,-8,-1,-1,0,0,0,-1,0,0,2,0,0,0,1,0,0,0,0,0,0,3,0,0,-1,0,0,0,-1,0,0,0,0,0,-1,0,-1,0,0,-2,0,-1,2,0,2,0,0,0,0,0,0,1,0,0,0,1,0,1,1,0,0,0,0,0,1,1,0,0,8,0,1,1,0,0,0,0,1,1,1,1,0,2,0,-7
-2,-2,-1,-1,-1,-1,-1,-2,-6,0,0,-2,0,0,-1,-1,-4,-2,-1,0,0,-1,-1,-1,0,-9,1,-4,0,-1,-2,0,-1,1,1,-1,0,0,-3,0,0,0,0,0,-2,0,1,0,0,0,-1,-1,-3,0,0,1,-1,-1,0,0,0,0,0,0,1,1,0,0,0,0,0,0,-1,1,-1,0,2,0,0,1,2,0,0,0,1,0,0,0,0,0,0,1,1,0,0,0,0,1,2,0,0,2,0,0,0,1,0,0,0,1,2,1,-14
-5,-3,-3,-3,0,-4,-2,-7,0,-8,-3,-4,-2,-3,-3,-10,-3,-2,1,-3,-5,0,0,0,-1,-1,0,-1,0,-1,-2,-2,-1,-1,0,-1,0,0,-1,-2,0,0,-2,-1,0,0,0,0,0,-1,0,0,1,0,0,-1,1,-2,0,0,0,0,0,-1,0,0,1,0,0,0,0,0,1,0,0,0,0,3,0,0,0,0,0,0,0,0,0,0,0,0,0,0,5,1,0,0,1,1,5,0,1,0,0,0,0,0,0,0,9,0,1,2,-19
1,-1,0,0,0,-2,-1,0,-1,0,0,-2,0,-2,0,0,-1,-6,0,-2,1,1,-1,-1,0,-2,0,-2,-1,-1,-3,1,0,0,0,0,0,-1,0,0,0,0,0,0,-2,0,0,0,0,0,0,0,-1,-1,0,1,0,0,-2,0,1,0,1,0,0,-2,-1,0,1,0,0,0,0,0,1,0,2,1,0,1,1,1,2,0,0,0,1,0,0,0,0,0,0,0,0,0,0,1,0,0,0,1,1,0,0,0,0,0,0,0,1,0,-5
-1,0,0,0,0,0,-2,0,-1,0,0,-4,0,0,-1,0,0,-4,-2,-2,-1,-1,0,-1,-3,-3,0,0,0,0,-1,-1,0,0,-1,-1,0,-1,0,0,0,0,0,0,1,0,0,0,-4,1,-1,1,0,-1,0,-3,0,0,0,0,0,-1,0,0,0,-1,0,0,0,0,0,0,3,2,1,2,0,0,-1,1,0,0,1,1,0,0,0,0,0,0,0,0,0,0,0,0,1,1,1,0,0,1,0,0,1,0,0,0,1,3,0,0,-15
0,0,0,-1,0,0,0,-1,-3,0,0,0,-1,-1,-1,0,0,-1,-2,0,0,-2,-1,-2,0,0,-2,-2,0,-3,-3,-4,0,0,-1,-1,0,-2,0,0,0,0,0,0,-6,0,0,0,-3,0,-1,0,-1,-1,-2,-1,-1,0,0,0,1,-1,0,2,1,0,2,0,1,0,0,-1,0,-1,2,0,0,0,0,2,0,0,0,1,-1,0,0,0,0,0,0,0,0,0,0,0,1,0,1,0,1,1,0,0,2,1,0,1,0,3,0,1,-10
0,0,0,0,0,0,-2,-2,-1,0,0,0,1,1,0,0,0,-1,0,0,-4,-1,-5,-2,-3,1,0,2,0,0,-3,-3,-2,0,0,-1,0,0,0,0,0,0,0,0,-3,-1,0,0,-5,0,-1,0,-3,0,-2,0,-1,-1,-1,0,0,0,-1,1,0,-2,0,0,0,0,0,0,2,3,0,0,-2,1,0,3,0,0,0,6,0,1,0,0,0,0,0,0,0,0,1,0,1,2,1,0,0,1,0,1,0,0,2,0,0,1,0,2,-10
-4,-6,-6,0,-4,-1,-2,-1,-1,-3,-3,-1,0,-1,-1,-1,1,0,-1,0,0,0,-1,0,0,-3,0,-2,0,-1,0,0,0,0,0,0,0,0,-1,0,0,-1,0,0,0,0,-1,0,0,0,0,0,0,0,0,0,0,0,0,0,0,0,0,0,0,0,0,0,0,1,0,0,0,0,0,0,0,0,0,0,0,0,0,0,0,0,0,0,0,0,0,0,0,0,0,0,0,0,0,0,0,0,0,0,0,0,0,0,0,0,0,0,0
-1,-1,0,0,0,-2,-1,0,-1,0,0,0,0,-6,0,0,0,-2,-1,-2,-4,-4,-1,0,-5,-3,-1,-3,0,-1,-4,-2,-2,0,-1,0,0,0,-1,-1,1,-2,0,0,-3,0,0,-2,-1,0,0,0,-2,-2,-1,0,0,0,1,-3,2,0,0,-1,0,-1,0,0,0,1,0,0,0,1,0,0,1,0,0,0,0,0,0,1,1,-1,0,0,0,0,0,0,0,0,0,1,0,3,1,0,0,0,0,0,2,0,2,0,0,1,4,1,-3
-1,0,-1,-1,0,-2,-1,-1,-5,-1,0,-1,1,0,0,-1,-1,-2,-4,0,0,0,-2,0,0,-5,-1,0,0,-1,-1,-1,0,-1,-1,0,0,0,-1,0,0,-1,1,0,0,0,0,2,0,0,0,0,0,0,0,0,0,-1,0,0,0,0,0,0,0,0,0,-1,-1,0,0,1,0,0,0,0,0,0,0,0,0,0,0,0,0,0,0,0,0,0,0,0,0,0,0,0,0,0,0,0,0,0,0,0,0,0,0,0,0,0,0,0,-5
-2,0,-1,0,-3,-1,-1,-3,-2,-1,-1,-3,0,0,-1,-2,-3,0,0,0,-4,0,-3,0,0,-6,0,-2,0,-1,-1,-2,0,0,-1,0,0,0,-1,0,0,0,0,1,-1,0,-1,0,-2,0,0,0,-2,0,0,0,0,-1,-1,0,1,0,0,0,0,0,0,0,0,0,0,0,-1,2,0,0,0,0,0,0,0,0,0,0,0,0,0,0,0,0,0,0,0,0,0,0,0,1,0,0,0,0,1,0,0,1,1,0,0,1,0,0,-6
0,-3,-5,-3,-1,-1,-5,-3,-2,-2,-1,-12,-1,-4,0,-3,-1,-2,-1,-2,-3,-1,-1,0,1,-1,0,-3,-1,-2,-1,-3,0,0,0,-1,0,-1,-3,-1,0,0,0,0,0,0,0,0,0,0,-1,-1,-1,-3,-1,-1,0,0,0,0,-2,0,0,0,0,1,0,0,0,-1,0,0,0,0,0,0,0,0,0,0,0,0,4,0,1,-1,2,0,0,0,0,0,1,0,0,0,1,0,0,1,0,0,0,0,0,0,0,0,0,0,0,0,-12
-3,-7,-2,-4,0,-4,-1,-4,-5,-2,-1,-1,0,0,-1,-2,-1,-2,-2,0,-1,0,-2,-2,0,-3,0,-2,0,-3,-1,-4,0,-1,0,-1,0,-1,0,-2,-1,-1,-1,0,-1,0,-2,0,-2,0,0,0,0,-1,-2,0,0,1,0,-3,0,1,-1,0,-3,0,-2,0,0,0,1,0,0,0,0,0,0,0,0,0,0,0,0,0,0,0,1,1,0,0,0,0,0,0,1,0,0,0,1,6,1,0,0,0,0,0,0,0,0,0,0,3,-19
-1,0,0,0,0,-2,-2,0,-1,-1,0,-3,0,0,0,0,0,-2,-1,-3,-3,0,-3,-1,-2,-3,-3,-3,-1,0,-3,-1,-1,0,0,-1,0,-1,0,-2,-1,-1,0,0,-4,1,0,0,-1,-1,0,0,0,0,-1,-1,-3,0,0,1,-2,-1,0,0,-2,1,-3,0,-1,0,-2,0,0,0,2,0,1,0,0,0,0,0,0,1,0,0,0,1,0,0,0,0,0,0,1,1,0,1,0,1,2,1,0,0,0,0,2,0,0,0,2,0,-14
0,0,0,0,0,0,0,0,0,0,0,-1,0,-3,-1,0,-1,-1,0,-4,-3,-4,-4,0,0,-2,0,0,0,-1,-1,-3,-2,-1,0,-2,-1,-1,0,-1,0,0,0,-2,-7,1,-1,0,0,0,0,0,-1,0,-1,0,0,0,0,1,0,1,0,-1,-1,-2,0,0,0,0,0,0,0,-2,0,0,-1,0,3,0,0,0,0,0,0,0,0,1,0,0,0,3,0,0,0,1,0,0,0,0,0,1,1,0,1,0,0,0,1,3,1,1,-18
0,0,0,0,-1,0,-2,0,-2,0,0,-1,0,0,0,0,-2,-1,0,0,-2,0,0,0,-1,-1,-1,-1,0,0,-2,0,0,0,0,0,-1,0,-1,-3,-1,0,0,0,0,0,-1,0,0,0,-1,0,0,0,-1,0,-1,0,0,0,0,0,0,0,-2,0,0,0,0,0,0,0,0,0,0,0,0,0,0,0,0,0,0,0,0,0,1,0,0,0,1,0,0,0,0,0,0,0,1,0,2,0,0,0,0,0,0,0,0,0,1,2,-6
-1,0,0,-1,-1,0,0,-1,-1,0,0,1,-2,-2,0,1,-2,-1,1,-2,-3,-6,1,-1,0,-3,-1,-1,0,-1,-3,-2,0,0,-1,0,-3,0,-1,0,-2,0,0,0,0,0,0,0,-1,0,0,0,-1,-1,-2,-1,-3,0,0,0,0,-2,0,-2,0,0,2,0,-1,0,0,0,0,-1,1,0,0,0,0,0,0,1,0,0,0,0,-1,0,0,0,0,0,0,0,0,0,1,1,0,0,0,0,0,0,0,0,0,0,0,0,1,0,-8
-2,-3,-3,-3,0,-1,-1,-3,-2,-14,0,-2,-3,-1,0,-14,-2,-1,-2,-3,0,-1,-3,-2,0,-3,-2,-1,-1,-3,-1,-1,0,0,0,-1,0,-1,0,-4,-2,0,0,0,0,0,-2,0,-3,-1,1,0,0,1,0,1,0,-1,0,-2,0,0,-3,-1,0,0,-1,0,0,0,0,0,0,0,0,0,0,0,0,0,0,0,0,-1,0,0,0,0,0,0,0,0,9,0,0,0,0,0,0,0,0,0,0,0,0,0,0,0,8,0,0,9,-28
-4,-3,0,0,0,-1,0,-1,-2,0,0,-3,-2,0,-1,-2,-1,-1,-1,-3,-1,0,-1,0,0,-2,-1,0,0,-1,-1,-2,-1,-1,0,-2,-1,0,0,0,0,0,0,0,0,0,0,0,0,0,-1,0,0,-1,0,0,-1,0,0,0,0,0,0,0,1,0,0,0,0,0,0,0,0,0,-3,0,0,0,0,0,0,0,0,0,0,0,0,0,1,0,0,0,0,0,0,0,0,0,0,0,0,0,0,0,0,1,0,1,0,0,0,0,-7
0,0,0,0,0,0,0,0,0,0,0,0,0,0,0,0,1,-1,0,0,-2,0,0,0,-2,-2,0,0,0,0,-1,-2,0,0,0,-2,0,0,0,0,0,0,0,0,0,0,0,0,-4,0,0,0,0,0,1,-1,-1,-1,0,0,0,-1,0,-1,-1,-2,-3,0,0,0,0,0,0,0,0,0,0,0,0,0,0,0,0,1,0,0,0,0,0,0,0,0,0,0,0,0,0,0,0,0,0,0,0,0,0,0,0,0,0,2,0,0,-20
0,0,0,0,0,-1,0,-2,-1,0,-1,0,0,0,0,0,0,-2,0,-2,-1,-4,0,0,-1,-2,-3,-1,0,0,0,-1,-2,-2,0,-1,0,-1,0,0,-1,0,0,0,-2,0,0,0,0,0,0,0,-1,0,1,0,0,0,0,0,-1,-2,0,-1,0,0,0,0,0,0,0,0,0,0,0,0,0,0,0,0,0,0,0,0,0,0,0,0,0,0,0,0,0,0,0,0,1,0,0,0,0,0,0,0,0,0,0,0,0,0,0,0,-5
-3,-1,0,-4,0,-2,-3,-2,-2,-4,0,-2,0,0,0,-3,0,-1,-6,0,-4,0,-3,-2,-1,0,-2,-1,-1,-3,-1,0,-1,0,0,-1,0,0,0,0,0,0,0,0,0,-1,-2,0,0,0,0,0,1,-2,0,0,0,0,0,0,0,0,0,-1,0,0,0,0,0,0,0,0,0,0,0,0,-1,0,0,0,0,0,0,0,0,0,0,0,0,0,0,0,0,0,0,0,0,0,1,0,0,0,0,0,0,0,0,0,0,0,0,0,-11
-1,0,0,-2,-1,-2,0,-1,-2,-2,-1,-8,0,0,0,-2,-3,-2,-2,0,-1,-1,-1,-1,-1,-6,-2,-6,0,-2,-1,-2,-1,0,0,0,0,0,0,0,0,0,0,1,-1,0,-1,0,-1,0,0,0,-1,-1,0,0,0,0,-1,-2,0,0,0,-2,-1,0,0,0,0,0,0,-4,0,0,0,0,0,0,0,0,0,0,0,0,0,1,0,0,0,0,0,0,0,0,0,0,0,0,0,0,0,0,0,0,2,0,0,0,2,0,0,0,-11
0,0,0,0,0,0,0,0,-1,0,0,-2,0,0,0,0,0,-1,0,-1,-3,0,0,0,0,0,0,-2,-1,0,0,-2,-1,0,0,-1,0,0,0,0,0,0,0,0,-6,-1,0,0,-6,0,0,0,0,-2,-4,-6,1,0,0,0,0,0,0,0,-1,-1,-6,0,-1,0,0,0,0,-1,0,0,0,1,0,-1,0,0,0,0,0,0,0,0,0,0,0,0,0,0,0,0,0,1,0,0,0,1,0,0,0,0,1,0,0,0,0,0,-14
-1,0,0,-1,0,-4,-1,-5,-2,-1,0,-2,-1,-3,0,0,-1,-10,0,-2,-4,-3,-1,-1,-2,-2,0,-3,0,-1,-4,-1,-1,0,0,0,-1,0,1,-1,-1,0,0,0,-2,0,-1,0,0,-1,-2,0,-1,0,0,-1,-1,0,0,-1,-1,-1,0,0,0,1,0,0,-1,0,0,-1,0,0,0,0,0,0,0,0,0,0,0,0,0,0,0,0,0,0,0,0,0,0,0,0,0,0,0,0,0,0,0,0,0,0,0,0,0,1,1,0,-6
0,-2,-1,0,0,-1,0,-1,-1,0,0,0,0,-1,-4,0,-1,0,0,-3,-2,-2,-7,0,-3,-1,-1,-1,-1,-4,-2,-3,0,0,0,0,0,0,0,0,0,-1,0,0,-2,0,-1,0,0,-1,0,0,-5,-1,-1,-2,-1,-1,0,0,0,0,0,0,0,0,-1,0,1,0,0,1,0,0,0,0,0,0,0,0,0,0,-1,0,0,0,0,0,0,0,0,0,0,1,0,0,-1,0,0,0,0,0,0,0,0,0,0,0,0,0,2,0,-5
-1,-1,-1,-3,-3,-5,-4,0,-2,0,-1,-1,-4,-1,-1,-3,-1,-3,-2,0,-1,-1,0,-1,-3,-3,-1,-4,-1,-3,-1,0,-2,0,0,0,0,0,-2,0,0,0,0,-1,-1,0,0,0,0,0,0,0,-2,-1,-1,0,0,0,0,0,-1,0,0,-1,0,0,0,0,0,0,0,-2,-1,0,0,-1,1,0,0,0,0,0,0,0,0,0,0,0,0,0,0,0,0,0,0,0,0,0,0,0,0,0,0,0,0,0,1,0,0,0,0,0,-7
0,0,0,0,0,0,0,0,-1,-1,0,0,0,0,-1,-1,0,-5,-1,-1,-1,0,0,-2,0,0,-1,0,0,0,-3,-3,0,0,0,0,0,0,0,-1,0,0,0,0,0,0,0,0,-1,0,0,0,0,-2,0,0,0,0,0,0,-1,0,0,0,0,0,0,0,0,0,0,0,-1,-1,-1,0,0,0,0,0,0,0,0,0,0,0,0,0,0,0,0,0,0,0,0,0,0,0,0,0,0,0,0,0,0,1,0,0,0,1,1,1,-8
0,-1,0,0,0,0,-1,0,0,0,0,0,-1,0,0,0,0,0,0,-2,0,0,0,0,0,0,-1,-1,0,0,0,-1,0,0,0,0,0,0,0,0,0,0,0,-1,-1,0,0,0,-1,0,-2,-1,0,0,0,0,0,0,0,-1,0,0,0,0,0,0,0,0,0,0,0,0,0,0,0,0,0,0,-1,0,0,0,0,0,0,0,0,0,0,0,0,0,0,0,0,0,0,0,1,0,0,0,0,0,0,0,0,0,0,0,0,0,-4
-1,0,-1,0,0,0,-1,-1,-1,0,0,0,-1,0,0,-1,-2,0,0,-1,-1,0,-2,0,-1,-2,-1,-3,-1,-2,-1,-1,0,-1,0,-1,0,0,0,0,0,-3,0,-1,0,0,-2,0,-1,0,-1,0,0,0,-2,0,-1,0,0,-3,0,0,0,0,0,0,0,0,0,0,0,0,0,0,0,0,0,0,0,0,0,0,0,0,0,0,0,0,0,0,0,0,0,0,0,0,0,0,0,0,0,0,0,0,0,0,0,0,0,0,0,0,-3
0,0,0,0,0,0,-2,0,-1,0,0,0,-1,0,0,0,-2,0,0,0,0,0,0,-1,0,-1,-1,0,0,0,0,-4,0,0,0,0,0,0,0,0,0,0,0,-1,0,0,0,0,0,0,0,0,0,0,-2,0,0,0,0,0,0,0,0,0,0,0,0,0,0,0,0,0,0,0,0,-1,0,0,0,0,0,0,0,0,0,0,0,0,0,0,0,0,0,0,0,0,0,0,0,0,0,0,0,0,0,0,0,0,0,0,0,0,-10
-4,-3,-1,-5,-1,0,-3,-1,-4,0,-1,-5,-3,-2,-1,0,-5,0,0,-1,-2,0,0,0,-2,-6,0,-2,-8,0,-7,-1,0,0,-1,-3,-7,-1,-1,0,0,-1,0,0,-4,-1,0,0,-4,0,0,0,-1,-1,0,-1,0,0,0,0,0,-1,0,0,0,0,0,0,0,0,0,0,0,0,-3,0,0,0,0,0,0,0,0,0,0,0,0,0,0,0,0,0,0,0,0,0,0,0,0,0,0,0,1,0,0,0,0,0,0,0,0,0,-8
-1,-1,0,-2,-1,-4,-1,-4,-1,-7,-1,-4,-1,0,0,-12,-1,-1,0,0,0,0,-2,-1,-1,-1,1,-1,-1,-2,-1,-2,0,0,-1,0,-1,-1,-1,0,0,0,-1,0,0,0,0,0,0,0,0,0,0,-1,0,0,0,0,-1,-1,0,-1,-5,0,0,0,0,0,0,0,0,-1,0,0,0,0,0,-9,0,0,0,0,0,0,0,0,0,0,0,0,0,0,0,0,0,0,0,0,0,0,0,0,0,0,0,0,0,0,3,0,0,0,-13
-6,0,-1,-10,0,0,-1,-2,-1,-3,0,-1,-1,0,-4,-2,0,-4,0,-3,-2,-1,-1,-1,-1,-4,0,0,-3,-1,-1,0,0,0,-1,-2,0,-1,-2,-1,-1,0,0,-1,0,-1,0,0,0,0,0,0,1,0,-1,0,0,0,0,0,-1,0,-1,0,0,0,0,0,0,0,0,0,0,0,0,0,0,0,0,0,0,0,0,0,0,-1,0,0,0,0,0,0,0,0,0,0,0,0,0,0,0,0,0,0,0,0,0,0,0,0,0,0,-3
0,0,0,-1,0,-1,-1,0,0,0,0,0,-1,-1,-1,-1,0,-2,0,-1,0,0,0,-2,-1,0,0,0,-1,0,0,-3,-1,-2,0,-1,-4,-3,0,0,-1,0,0,0,-1,0,0,0,0,0,0,0,-3,-1,0,0,0,0,0,0,-1,0,0,0,0,0,-1,0,0,0,0,0,-1,-1,0,0,0,0,0,0,0,0,0,0,0,0,0,0,0,0,0,0,0,0,0,0,0,0,0,0,0,0,0,0,0,0,0,0,0,0,0,0,-9
0,0,0,0,0,0,-1,0,-1,-1,0,0,0,0,0,-1,0,0,0,-1,-1,0,0,0,-1,0,0,-1,0,0,0,0,0,0,0,0,0,0,-1,0,0,0,0,0,-2,0,0,0,0,0,0,0,0,-1,0,-2,0,0,0,0,0,0,0,0,0,0,0,0,-1,0,0,0,0,-1,-1,0,0,0,0,0,0,0,0,0,0,0,0,0,0,0,0,0,0,0,0,0,0,0,0,0,0,0,0,0,0,0,0,0,0,0,0,0,-9
-2,-6,-8,0,0,0,-2,0,-3,-2,0,-4,0,-1,0,-2,-2,0,0,0,-3,0,-3,0,-1,0,-2,-3,0,-2,-1,-2,0,0,0,-1,0,-1,-2,-2,-1,-1,-3,-4,0,0,-1,0,0,0,-1,0,-1,-5,-4,-1,0,-1,-2,-1,0,0,-1,0,-1,-1,-1,0,0,0,0,-1,0,0,0,0,-1,0,0,0,-1,0,0,0,0,1,0,0,0,0,0,0,0,0,0,0,0,0,-1,0,0,0,0,1,0,0,0,0,0,0,0,0,-17
0,0,-2,-1,0,0,-3,-1,0,0,0,0,-1,0,0,0,-1,-6,0,-1,-5,-3,-1,-2,-2,-1,-2,-2,-1,0,-5,-5,0,0,0,-1,0,0,0,0,-1,-1,0,0,-2,0,0,0,-3,0,0,0,-1,-2,0,-2,0,0,0,0,-8,-1,-1,-1,-1,0,-2,0,-3,0,-1,0,0,-1,0,0,-1,0,0,0,0,0,0,-1,0,0,0,0,0,0,0,0,0,0,0,0,0,0,0,0,0,0,0,0,0,0,0,1,0,0,0,0,-12
0,-6,-11,0,-2,-4,-3,-2,-3,-4,-4,0,-1,-6,0,0,-1,-5,0,-1,0,-1,-3,0,0,-3,-1,-1,0,-3,-9,-3,-1,-3,-1,-1,0,-2,0,-2,0,-1,-19,-5,-4,0,-4,-1,-1,0,-1,0,-1,0,-3,0,0,0,-4,-1,0,-2,-5,0,-1,-1,-1,0,-1,0,0,0,-1,0,0,-1,0,0,0,0,0,-1,0,0,0,0,0,0,-1,0,0,0,0,0,0,0,1,0,0,0,0,0,0,0,0,0,0,0,0,0,0,0,-52
0,-1,-1,0,0,-1,0,0,0,0,0,0,0,-1,-1,-1,0,0,0,0,-2,0,0,0,0,-1,0,-1,0,-3,-1,0,0,0,-1,0,0,0,0,0,0,-1,0,-1,0,0,0,0,-1,0,0,0,0,0,-1,-1,0,0,0,0,-1,0,0,0,0,0,0,0,0,0,0,-1,-6,-1,0,0,0,0,0,0,0,0,0,0,0,0,0,0,0,0,0,0,0,0,0,0,0,0,0,0,0,0,0,0,0,0,0,0,0,0,0,0,-13
0,-1,0,0,0,0,0,-1,-1,0,0,0,0,0,0,0,0,0,0,0,-1,0,0,0,0,0,0,0,0,0,-1,-2,0,0,0,-1,0,0,0,-3,0,-1,0,0,0,-1,-2,0,0,0,-2,0,-1,-1,0,0,0,0,0,0,-1,0,-1,0,0,-1,0,0,0,0,0,0,-1,-2,0,-2,0,0,0,0,0,0,0,0,0,0,0,0,0,0,0,0,0,0,0,0,0,0,0,0,0,0,0,0,0,0,0,0,0,0,0,0,-9
0,-1,0,0,0,0,-2,0,-3,0,0,-1,0,0,0,-2,-1,0,0,-6,0,-1,-4,0,0,-5,0,-1,0,0,-1,-2,0,-1,-1,-1,-3,0,0,0,0,0,0,0,-3,0,0,0,-2,0,0,0,-2,0,0,0,0,0,-1,0,0,-2,0,-1,-1,-1,-1,0,0,0,0,0,0,-1,-1,0,0,0,0,0,0,0,0,-1,0,0,0,0,0,0,0,0,0,0,0,0,0,0,0,0,0,0,0,0,0,0,0,0,0,0,0,0,-5
0,0,0,0,0,0,0,0,0,0,0,0,0,0,0,0,0,0,0,0,0,0,0,0,-1,-1,0,0,0,0,-1,0,0,-1,0,0,0,0,0,0,0,0,0,0,-4,0,0,0,0,0,0,0,-2,0,0,0,0,0,0,0,0,0,0,-1,0,0,0,0,0,0,-1,0,0,0,-1,0,0,0,0,0,0,0,0,0,0,0,0,0,0,0,0,-1,0,0,0,0,0,0,0,0,0,0,0,0,0,0,0,0,0,0,0,0,-5
-2,-2,-11,0,0,-1,-2,0,0,-3,-1,-1,0,-2,-4,-4,0,0,-1,-1,-2,0,-1,0,0,-3,-1,-2,0,0,-4,-1,0,-2,0,-1,0,0,-1,0,0,-3,-5,-4,-2,0,0,0,0,0,-1,0,0,0,-1,-1,0,0,-2,-5,0,0,0,0,0,0,-1,0,0,0,0,0,0,0,0,0,0,0,0,0,0,0,0,0,0,0,0,0,0,0,0,0,0,0,0,0,-1,0,0,0,0,0,0,0,0,0,0,0,0,0,0,0,-9
-2,0,-1,0,0,0,0,-1,0,0,0,0,0,0,-3,-2,-1,0,0,-2,0,0,-1,-1,-1,-2,-1,0,0,-1,-1,-2,0,-2,-2,0,-1,0,-10,0,0,0,0,0,-1,0,-1,0,-1,0,0,-5,0,0,0,0,0,0,0,0,0,0,0,0,-1,-2,0,0,-2,0,0,0,0,0,-1,0,0,0,0,0,0,0,-2,0,0,0,0,0,0,0,0,0,0,0,0,0,0,0,0,0,0,0,0,0,0,0,0,0,0,0,0,0,-9
1,0,0,0,0,-1,-2,0,-2,0,0,-1,0,-1,0,-1,-1,-1,0,0,-1,0,0,0,-1,-1,0,-2,-2,-1,0,-1,0,-6,0,-1,0,-1,-3,0,0,0,0,0,0,0,0,0,-2,0,-2,0,0,0,-2,-3,-1,0,0,0,-1,-1,0,0,0,-1,0,0,0,0,-1,0,0,0,0,0,0,0,-1,0,0,0,0,0,0,0,0,-1,0,0,0,0,0,0,0,0,0,0,0,0,0,0,0,0,0,0,0,0,0,0,0,0,-16
-1,0,-1,-1,0,-2,0,0,0,0,0,0,0,0,0,0,0,0,-2,-1,-3,0,-9,0,0,-2,0,0,0,-1,-1,0,0,-1,0,0,0,-1,-1,0,0,-2,0,0,0,0,0,0,-3,0,-1,0,-1,0,-2,-2,0,0,0,0,-1,0,0,0,0,0,-2,0,-2,0,-1,0,0,-2,0,0,0,0,0,0,0,0,0,-1,0,0,-1,0,0,0,0,0,0,0,0,0,0,0,0,0,0,0,0,0,0,0,0,0,0,0,0,0,-8
-1,0,0,0,0,0,-2,0,-1,0,0,0,0,-1,0,0,-1,-1,0,0,-1,-1,0,0,-1,0,0,-1,-2,0,0,-1,0,-2,0,0,0,0,-3,0,0,0,0,0,0,0,0,0,0,0,-1,0,-5,-1,-1,0,0,0,0,0,-1,0,0,0,0,-1,0,0,0,0,0,0,0,0,0,0,0,0,-1,0,0,0,0,0,0,0,0,0,0,0,0,0,0,0,0,0,0,-1,0,0,0,0,0,0,0,0,0,0,0,0,0,0,-6
-1,0,-1,0,0,-1,-1,-1,0,-9,-2,-1,0,0,-1,-10,0,0,0,-1,-1,0,0,0,0,0,0,0,0,0,0,0,0,-1,-1,0,0,0,0,0,0,0,-1,-1,0,0,0,0,-1,0,0,0,0,-1,-2,0,0,0,-1,0,-1,0,-9,0,-1,0,0,0,0,0,0,0,0,0,-1,0,0,-8,0,0,0,0,-2,0,0,0,0,0,0,0,0,0,-3,0,0,0,0,0,0,0,0,0,0,0,0,0,0,0,0,0,0,1,-21
0,-1,0,-1,0,0,-1,0,-1,0,0,-1,0,0,0,0,-1,-4,0,-1,-1,-2,-3,0,-2,-6,0,0,0,0,-4,-2,0,0,-1,-1,-1,0,-1,0,0,0,0,0,-8,0,0,0,-3,-2,0,0,-1,-3,0,-3,-1,0,-1,0,0,-1,0,0,-3,-3,-1,0,-1,0,-1,0,0,0,-3,0,0,0,0,-2,0,0,0,0,-1,0,0,-1,0,0,0,0,0,0,0,0,0,0,0,0,0,0,0,0,0,0,0,0,0,0,0,0,-12
-1,-1,-2,-1,0,-4,-3,-8,-1,0,-2,0,0,-5,-1,0,-1,-9,0,-2,-2,-1,-1,0,-1,-2,-2,0,-1,0,-1,-5,0,0,0,-2,0,0,0,0,0,0,0,-2,-3,0,0,0,0,0,0,0,-1,-1,-2,-1,0,0,-1,-1,-2,-2,-1,-1,0,0,0,0,-4,0,0,0,0,-2,-1,-1,-1,0,0,0,0,0,0,0,-1,-2,0,-1,0,0,0,0,0,0,0,0,0,0,0,0,0,0,0,0,0,0,0,0,0,0,0,0,-30
-1,0,0,0,0,0,0,0,0,-1,-1,0,0,0,0,-11,0,0,-1,-1,0,0,0,-1,0,0,-1,-1,0,0,-3,0,0,0,0,0,0,0,0,0,0,0,0,-2,0,0,0,0,0,0,-1,0,-1,0,0,0,0,0,-1,0,0,-1,-2,0,0,-1,-2,0,-1,0,0,0,-3,0,-1,-2,0,-9,0,0,0,0,0,0,0,0,0,-1,0,0,0,0,0,0,0,0,0,0,0,0,0,0,0,0,0,0,0,0,-1,0,0,0,-13
17,8,23,12,7,21,1,23,11,19,10,29,17,7,8,17,8,9,8,12,5,7,11,6,6,7,3,13,5,11,16,15,9,7,4,11,3,5,21,4,8,7,7,10,12,5,7,2,7,5,10,1,21,11,9,13,5,7,5,9,7,14,19,5,15,10,10,0,3,5,6,12,19,14,18,6,8,28,7,20,5,11,11,14,6,5,7,8,4,3,10,8,13,3,9,9,17,12,52,13,9,5,5,9,9,16,8,6,21,12,30,13,0
