0,7,8,2,-2,2,0,7,6,11,-4,11,-2,1,6,10,2,1,4,0,0,1,1,4,1,3,1,1,9,2,0,0,0,1,3,1,2,1,3,0,1,0,0,0,1,0,2,2,1,3,1,0,1,0,1,0,0,0,0,1,0,2,2,-1,1,0,0,3,1,0,1,0,1,0,0,0,1,0,4,0,0,2,1,0,1,0,0,0,0,1,0,2,0,4,0,0,0,0,0,0,0,0,0,1,1,-1,0,0,0,0,0,0,-7
-7,0,4,7,0,6,2,9,2,7,8,10,3,-2,3,1,2,4,2,2,3,-1,0,1,2,4,1,-1,0,4,1,2,1,0,0,0,0,0,1,2,0,2,5,0,0,0,1,0,2,0,0,0,0,0,0,0,0,1,0,5,0,1,2,1,0,0,0,4,0,0,0,0,2,0,0,0,0,0,2,0,0,0,0,0,0,0,0,0,1,0,0,3,1,0,0,0,2,0,3,0,1,0,0,1,0,0,0,0,0,1,1,0,-3
-8,-4,0,0,-4,4,-2,-3,2,6,3,6,-2,0,3,9,2,2,-1,-3,0,0,0,1,0,0,-1,1,0,5,0,0,0,0,1,0,0,1,1,0,1,6,8,0,0,0,2,1,0,1,0,2,1,2,0,0,0,0,0,1,0,0,2,0,0,0,0,3,0,1,1,2,2,0,0,0,0,3,0,0,0,0,0,0,0,1,0,0,0,1,0,1,0,0,0,0,6,2,5,0,0,0,0,6,0,0,0,0,0,0,0,0,-8
-2,-7,0,0,-1,0,1,1,-1,3,0,1,1,-3,4,3,1,4,3,1,1,2,0,3,0,3,1,2,2,1,0,0,0,0,0,1,0,1,2,0,2,0,2,0,1,3,0,1,0,1,0,0,1,1,0,0,0,0,1,1,1,0,1,0,0,0,0,0,0,1,0,1,0,0,0,0,1,2,0,0,0,1,0,0,1,0,0,0,0,0,0,0,2,3,0,0,2,0,0,0,0,0,0,0,0,0,1,0,0,1,1,0,-5
2,0,4,1,0,-1,0,4,1,0,2,4,0,0,0,3,1,1,0,-1,3,2,0,2,2,1,0,0,3,1,0,0,1,0,2,1,1,-1,1,1,2,0,0,0,0,0,0,0,0,0,1,0,0,0,0,0,0,1,0,3,0,0,0,0,0,0,0,2,0,0,3,0,0,0,0,1,0,0,0,0,0,0,0,0,0,0,2,0,0,0,0,1,1,0,0,0,0,0,0,0,0,0,0,0,0,0,0,0,0,0,0,0,-3
-2,-6,-4,0,1,0,1,0,0,4,-3,11,2,-1,6,7,0,1,7,1,3,1,4,0,2,1,0,1,1,0,1,0,-1,0,4,-1,0,0,4,-1,0,1,1,0,0,2,2,1,0,4,1,1,1,0,0,0,2,0,0,1,-1,1,2,2,0,0,0,0,2,0,0,0,1,2,0,0,0,0,1,0,0,1,0,0,2,1,3,0,0,0,0,0,1,0,0,0,0,0,2,0,0,0,0,0,0,1,2,0,1,0,0,0,-7
0,-2,2,-1,0,-1,0,2,-5,1,0,5,4,1,0,3,0,-1,1,0,-1,0,2,1,-1,1,0,0,0,0,0,1,0,0,0,0,0,0,1,0,0,0,1,2,2,0,0,1,0,1,2,1,0,0,0,0,0,0,0,0,1,0,0,1,1,0,0,2,1,0,0,1,0,2,0,1,0,0,0,0,0,1,0,0,0,0,1,0,0,0,1,2,0,0,1,0,1,1,1,0,0,0,0,1,0,1,0,0,1,0,3,0,0
-7,-9,3,-1,-4,0,-2,0,8,-2,-1,3,-1,1,1,5,2,-1,2,-1,-1,4,0,0,2,0,2,2,1,2,-1,1,0,2,0,3,1,0,3,1,0,1,1,1,2,0,0,1,0,1,0,0,1,0,0,0,0,0,1,1,0,1,1,0,0,0,1,1,0,1,2,2,2,0,0,0,1,1,0,0,2,1,0,0,2,0,0,0,0,0,0,0,2,1,0,0,0,0,1,0,1,0,0,0,0,0,0,0,0,0,5,0,-10
-6,-2,-2,1,-1,0,5,-8,0,-1,0,-1,0,2,1,0,3,2,4,4,0,1,3,0,3,2,4,-1,1,0,1,4,0,0,2,0,0,0,3,-1,0,3,1,3,0,1,2,0,0,0,1,2,1,0,3,0,0,0,0,1,-1,3,0,0,1,3,1,1,1,4,0,1,1,0,0,0,0,1,2,0,1,1,0,1,1,0,1,1,0,0,0,1,0,0,0,1,3,0,1,0,0,3,0,0,0,1,0,0,0,1,1,0,-7
-11,-7,-6,-3,0,-4,-1,2,1,0,-1,0,-2,0,0,3,1,0,4,0,2,1,0,1,0,0,0,1,1,0,0,0,1,1,0,0,0,0,1,1,2,0,0,0,0,0,0,0,0,0,0,0,0,0,0,0,0,1,1,1,1,0,3,0,0,0,0,4,0,0,0,0,1,1,0,0,0,9,0,0,0,2,0,0,0,0,0,0,0,0,0,0,3,2,0,1,2,0,2,0,0,0,0,1,0,0,0,0,4,0,0,0,-11
4,-8,-3,0,-2,3,0,1,0,1,0,2,-2,0,0,2,0,0,2,0,1,0,1,1,3,0,2,1,0,0,1,2,0,1,1,1,0,0,0,0,0,1,2,0,1,0,0,0,1,0,0,0,0,1,0,0,0,1,1,0,0,0,0,0,0,0,0,2,0,0,0,1,0,0,0,0,0,0,0,0,1,0,1,0,0,0,0,0,0,0,0,1,0,0,0,0,0,0,2,0,0,0,0,0,0,0,0,0,1,0,0,1,-9
-11,-10,-6,-1,-4,-11,-5,-3,1,0,-2,0,2,0,1,4,2,-1,3,-1,2,-1,3,1,3,-2,4,2,0,0,-1,0,1,0,1,-1,0,0,1,1,0,0,1,0,0,2,4,1,1,1,0,1,1,1,0,1,1,0,0,-1,0,0,2,0,2,0,0,0,0,0,1,3,0,2,0,1,-1,1,0,0,0,2,4,1,1,0,0,0,0,0,0,2,1,1,0,0,4,0,0,0,0,0,0,1,0,1,0,0,1,1,0,0,-14
2,-3,2,-1,0,-2,-4,1,0,2,2,-2,0,-2,-1,3,2,0,4,2,0,0,3,0,1,3,2,0,1,0,0,0,0,0,0,2,0,1,2,0,3,0,0,0,0,0,0,0,1,1,1,0,2,0,0,0,0,0,1,1,0,0,0,0,0,1,-1,0,0,-2,0,0,0,0,0,0,0,0,1,0,0,0,0,0,1,0,2,0,1,0,0,0,0,1,1,0,0,1,1,0,0,0,0,0,0,0,0,0,0,0,0,0,-5
-1,2,0,3,0,1,-1,-1,-2,0,0,0,2,0,1,1,4,-2,0,-1,1,3,-1,0,2,-1,1,0,0,3,-1,3,0,0,0,1,0,0,3,1,1,0,0,1,1,0,0,0,1,2,2,1,0,1,1,0,0,0,0,0,3,0,2,2,0,1,-1,0,4,0,0,2,-1,0,2,0,0,1,0,0,0,0,0,0,1,1,1,0,0,0,0,1,0,0,1,0,0,0,3,1,0,0,0,2,0,0,0,0,0,0,4,0,-3
-6,-3,-3,-4,0,-6,0,-1,-1,0,0,-1,1,-1,0,1,0,0,0,-2,2,1,0,2,0,-1,0,0,0,0,1,0,0,0,3,0,1,1,9,0,1,1,0,0,0,1,0,0,2,0,0,1,2,1,0,1,0,2,1,1,0,1,1,0,1,1,0,1,0,0,0,0,0,0,0,0,0,0,1,0,0,0,0,0,0,3,0,1,0,0,0,1,0,2,1,0,0,0,0,1,0,0,0,4,1,0,0,0,1,0,1,0,-3
-10,-1,-9,-3,-3,-7,-3,-5,0,-3,-2,-4,-3,-1,-1,0,0,0,2,0,-1,0,0,0,0,1,-3,1,-1,0,0,0,1,0,0,1,0,0,0,0,1,1,1,0,1,0,1,0,1,0,1,1,1,1,1,0,0,0,0,1,0,1,9,0,0,0,0,0,0,1,1,1,2,0,0,0,-1,4,2,0,0,0,1,0,0,0,1,1,0,0,0,0,6,1,0,1,2,0,0,1,0,1,0,1,1,1,0,0,6,0,0,6,-11
-2,-2,-2,-1,-1,0,0,-2,-3,-1,0,-2,-2,-4,0,0,0,-3,1,0,0,1,1,3,0,3,2,1,0,0,-1,6,1,3,0,0,0,1,0,1,1,1,0,0,2,1,0,1,2,0,0,0,1,1,-1,0,0,0,0,0,2,2,1,0,0,0,0,0,0,0,2,1,0,0,1,0,-1,0,1,-1,0,0,1,0,1,0,0,0,0,0,2,1,0,0,0,0,0,0,0,0,0,0,0,0,0,1,0,1,0,0,0,0,-6
-1,-4,-2,-4,-1,-1,1,1,-2,0,0,1,0,2,0,0,3,0,2,-2,0,-1,0,1,2,1,1,2,3,0,-1,2,2,3,0,2,0,0,1,2,0,0,0,2,0,1,0,0,2,1,1,0,9,1,1,5,3,0,0,0,2,2,1,2,3,1,1,0,1,1,0,1,1,2,0,0,0,0,1,1,1,0,0,1,5,0,2,1,0,0,0,0,1,1,1,0,0,0,3,0,0,0,0,0,0,0,0,0,0,3,4,0,0
-4,-2,1,-3,0,-7,-1,-2,-4,-4,-2,-3,-4,0,0,-2,-1,-2,0,0,0,-1,-1,1,0,-1,-1,0,1,0,0,1,0,0,-1,0,0,0,0,0,1,0,0,0,0,1,0,0,0,1,1,1,0,1,1,1,0,0,1,0,0,0,0,0,2,2,0,1,0,2,0,0,0,1,0,0,-1,0,1,0,0,0,0,0,0,0,0,1,0,0,0,0,0,0,0,0,0,0,0,0,0,0,0,0,0,0,0,0,0,0,0,0,-3
0,-2,3,-1,1,-1,0,1,-4,0,0,1,-2,1,2,0,0,2,0,0,0,0,0,0,0,2,1,2,-1,3,3,1,-1,1,0,2,1,1,1,2,4,0,1,0,1,1,0,0,-1,0,0,0,1,2,2,1,0,0,1,0,0,0,1,0,2,0,0,0,1,0,0,1,0,1,3,0,0,2,1,0,2,0,0,0,0,0,0,0,0,1,0,1,0,3,1,1,0,0,1,0,0,4,0,0,1,0,0,0,0,1,1,1,-7
0,-3,0,-1,-3,-3,1,1,0,-2,-1,-2,0,-1,-2,1,0,0,0,0,0,0,1,0,1,1,0,1,3,1,1,-5,3,0,0,1,0,0,3,0,0,0,-1,1,0,1,0,1,3,0,1,1,3,2,0,0,0,1,0,0,1,0,1,0,0,0,3,0,3,0,2,1,0,0,1,1,1,0,1,0,0,2,1,1,2,0,0,1,0,0,0,1,0,0,0,1,1,2,0,1,0,0,0,1,0,1,1,1,1,1,1,0,-1
-1,1,0,-2,-2,-1,0,-4,-1,-1,0,1,0,-3,-1,0,-1,1,1,0,0,0,1,0,0,1,1,1,1,-1,2,0,0,0,0,1,0,0,0,1,0,0,0,2,1,1,0,0,0,0,0,0,-1,0,0,0,3,0,0,0,0,0,0,0,1,1,1,0,1,0,0,0,0,0,3,0,3,1,0,0,1,0,0,0,1,1,0,0,0,0,0,0,0,1,0,0,0,2,0,0,0,0,0,0,0,0,0,1,0,0,1,0,-4
-1,0,0,0,0,-4,-2,0,-3,0,-1,-3,-3,1,0,0,-1,0,1,0,-1,-1,0,0,0,-2,-1,-1,0,0,-1,-1,2,0,0,0,2,0,0,0,0,1,0,0,2,0,0,1,3,2,0,0,1,0,2,1,-1,0,0,1,0,1,0,0,0,1,2,0,0,0,1,0,0,1,2,0,0,1,0,0,0,1,0,0,1,5,0,0,0,0,0,0,0,0,0,0,2,0,2,0,0,2,0,0,1,0,2,0,0,2,1,0,-6
-4,-1,-1,-3,-2,0,-1,0,0,-1,-1,-1,0,0,-2,0,-3,-1,-1,0,0,0,0,0,0,0,1,0,0,0,-1,0,0,1,1,1,1,0,0,0,0,2,0,0,0,0,0,0,0,0,0,0,0,2,0,0,1,0,1,0,0,0,0,1,0,0,2,0,0,0,0,0,1,1,0,0,0,0,0,0,0,1,0,0,0,0,0,0,0,0,0,0,0,0,1,0,0,2,0,0,0,0,0,0,1,0,0,0,0,0,0,0,0
-1,-2,0,0,-2,-2,1,-2,-3,0,-3,-3,-1,-2,0,0,0,-2,0,0,-1,0,0,0,0,1,-2,0,0,1,0,-1,-1,0,0,1,0,0,0,1,0,0,1,0,1,2,2,1,0,0,0,0,0,0,3,1,0,1,1,0,2,0,0,0,0,0,0,0,1,0,0,-1,0,2,0,0,0,0,0,0,0,1,1,0,0,2,1,0,0,0,0,1,0,1,0,0,0,1,0,0,0,0,1,0,1,1,0,0,0,0,0,0,-3
-3,-4,0,-3,-1,-1,-1,0,-2,0,0,2,-3,1,1,-1,-3,-1,1,-2,-1,-1,2,0,-1,0,3,-1,-1,0,0,-3,1,-1,0,1,0,1,-1,0,1,0,1,0,0,0,-1,0,1,0,0,0,0,4,0,1,0,2,1,0,0,6,1,2,1,0,-1,2,1,3,2,0,0,3,0,1,1,3,1,0,2,0,3,0,0,1,1,0,0,1,1,3,0,2,0,0,0,1,2,0,0,0,0,1,1,0,1,0,0,4,0,0,-3
-1,-1,1,-1,0,0,0,-2,-4,0,-2,-4,-2,-1,0,3,-2,-1,1,-1,0,-1,1,-1,2,-3,0,-2,0,0,2,1,2,0,0,1,0,0,3,0,0,0,1,1,0,1,0,0,0,0,0,1,0,1,3,0,1,0,2,0,0,-1,0,0,0,1,0,0,1,0,0,0,0,2,0,1,0,1,1,0,1,1,1,0,0,0,1,1,0,0,1,0,-1,0,0,0,0,1,0,0,0,0,0,0,0,0,0,0,0,0,0,0,-1
-1,1,-1,-2,0,-1,0,-2,1,-1,-1,-2,0,0,0,-1,-1,-2,0,-2,-1,-1,1,0,0,1,2,0,0,0,0,1,0,0,0,-1,-1,-2,0,1,0,1,2,4,1,0,0,0,-1,0,1,0,2,0,2,0,1,0,2,1,0,2,0,0,0,1,-1,2,2,0,0,0,1,1,0,1,0,1,0,0,0,0,2,1,0,0,0,0,0,1,0,1,1,0,0,0,1,1,0,0,0,1,0,0,0,0,0,1,0,0,0,1,-5
-9,0,0,-2,-3,-1,0,-1,-1,-1,0,0,-1,0,0,1,0,-3,-1,1,-3,-1,0,0,0,1,0,0,0,0,-2,0,1,3,0,2,0,1,2,0,0,2,0,0,0,1,0,1,0,0,1,0,1,0,0,0,0,0,0,0,0,0,0,1,0,0,0,0,0,0,0,1,0,0,0,0,0,1,0,0,0,0,0,1,0,1,0,0,0,1,0,7,0,0,1,0,0,0,0,0,0,0,0,0,0,2,0,1,0,0,0,0,-3
-2,-4,-5,-1,-1,0,0,-2,0,0,0,0,0,-3,0,0,0,0,0,-3,-1,1,0,0,-1,0,0,0,0,0,0,-1,0,0,0,0,0,0,0,-2,0,1,0,1,1,0,0,0,0,0,-1,0,0,0,0,0,0,0,0,0,0,0,0,1,0,1,0,0,0,0,0,1,0,0,0,0,0,1,0,0,0,1,0,0,0,0,1,0,0,2,0,0,1,0,0,0,2,0,1,1,0,0,0,0,0,1,1,0,0,0,0,0,-7
0,-1,0,0,0,-1,0,1,-1,0,-1,1,0,1,-1,0,1,1,0,-3,-1,-2,1,1,0,0,-2,0,2,0,0,0,0,-1,0,-1,0,0,1,-2,0,1,0,0,2,0,0,0,0,1,1,0,1,-1,2,1,2,0,0,0,4,2,0,2,1,3,1,0,3,0,0,0,0,2,0,1,1,1,1,0,0,1,1,0,3,1,1,0,0,1,0,3,0,1,0,0,0,1,5,1,0,1,0,1,0,0,1,0,0,1,0,1,-6
0,-2,0,0,0,0,-1,-1,-4,0,-2,0,0,-3,0,0,-6,-2,-1,-1,5,0,1,0,1,3,-1,-1,0,1,0,0,0,0,0,1,1,0,1,0,1,1,1,-3,0,0,0,0,3,0,0,0,4,1,2,1,0,1,0,0,1,1,0,-1,0,1,2,0,1,1,1,3,1,2,1,0,1,0,0,0,1,0,1,1,0,2,0,0,0,0,1,1,0,0,1,0,0,3,0,0,1,0,0,1,1,1,0,1,0,1,1,0,-7
0,-1,0,0,-1,1,0,0,0,-1,0,-1,0,0,0,-1,-1,-2,0,1,-3,0,-2,0,1,-1,-2,0,-1,0,0,0,0,0,0,0,-1,0,0,0,0,2,0,0,0,0,0,0,0,0,0,0,0,0,1,-1,0,0,0,0,1,0,0,0,0,0,1,0,0,0,0,0,0,1,1,0,0,0,1,0,0,0,0,1,0,0,1,0,0,0,0,0,0,0,0,0,0,0,1,0,0,0,0,0,0,0,0,0,0,0,0,0,0
-1,0,0,0,0,0,0,-2,0,-1,-1,0,0,0,0,0,-3,-3,0,-1,0,0,0,-1,0,1,0,0,-3,0,1,0,0,0,0,0,0,0,0,0,0,0,0,2,1,0,0,0,0,0,1,0,0,-1,1,0,0,0,0,0,0,0,1,0,0,0,0,0,0,0,0,0,0,0,0,0,0,0,0,0,1,0,0,0,0,0,0,0,0,0,0,0,0,0,0,0,0,0,2,0,0,1,0,0,0,3,1,2,0,0,0,0,-1
-3,0,-1,0,-2,-4,0,0,-2,0,-1,-1,0,0,-3,0,0,0,1,0,0,0,0,-1,0,0,0,0,0,0,0,0,0,0,0,0,0,0,0,0,0,0,0,0,0,0,0,0,0,-1,0,0,0,0,0,0,0,0,0,0,0,-1,0,0,0,0,0,0,1,1,1,0,0,0,0,0,0,0,0,0,0,0,0,0,0,0,0,0,0,0,0,1,1,0,0,0,0,0,0,0,0,0,0,0,0,0,0,0,1,0,0,0,-2
-1,0,0,-1,-1,1,0,-3,0,0,-1,1,-2,-1,0,-1,0,-2,0,-2,-1,-1,0,-1,-1,-1,-1,1,-2,0,1,-1,0,0,0,0,0,0,0,-1,0,0,0,0,2,0,0,0,1,0,-1,0,1,0,0,0,2,0,0,0,0,1,0,0,0,1,0,0,0,0,0,1,0,0,0,0,0,0,1,2,0,0,0,0,0,0,0,0,0,1,0,2,0,0,1,0,0,0,0,0,0,0,0,0,0,1,0,0,0,1,0,0,-4
-2,0,0,0,-1,0,0,-1,0,0,0,0,0,0,-1,0,0,0,0,-1,0,0,-2,-1,0,0,0,1,0,0,0,-1,1,0,0,0,0,0,0,0,0,0,0,0,0,0,0,0,0,1,0,0,0,0,0,1,0,0,0,0,1,0,0,0,0,0,0,0,0,0,0,0,0,0,-1,0,1,0,0,0,0,0,0,0,0,0,0,0,0,0,0,2,0,0,1,0,0,0,0,0,0,1,0,0,1,0,0,0,0,0,0,0,0
-1,0,-1,-1,1,0,0,0,0,0,0,0,-1,0,-1,0,-1,0,0,-1,0,0,0,0,0,-1,0,2,-1,0,0,0,0,0,0,0,0,0,0,0,0,0,0,0,1,0,0,0,0,0,0,0,0,0,0,0,0,0,0,0,0,0,0,0,0,0,0,0,0,0,0,0,1,1,0,0,0,1,0,0,0,0,0,0,0,0,0,0,0,0,0,1,0,0,3,0,1,0,0,0,0,0,0,0,0,0,0,0,0,0,0,0,-3
-3,-1,-1,-2,-1,-4,-1,-3,-3,-1,0,-1,-2,-3,-9,0,0,-1,0,-1,-3,0,0,0,0,1,-3,0,-2,0,-1,-1,0,0,0,0,0,0,0,-1,0,1,0,-1,0,0,-1,0,0,0,0,-1,1,0,0,0,-1,0,0,0,0,1,0,0,0,0,0,1,0,1,1,1,0,0,0,0,1,0,0,0,0,0,0,0,-1,0,0,0,0,0,0,1,0,1,0,1,2,0,0,0,0,0,0,0,10,3,0,2,0,0,0,0,-10
0,-2,0,0,-1,1,0,-1,1,-1,0,-1,0,-1,0,0,-1,-2,0,-2,0,-1,0,0,-1,0,0,-1,0,2,2,0,0,0,0,1,0,0,1,0,-1,0,1,0,0,0,1,0,0,0,0,0,1,0,1,0,0,0,1,0,-2,0,2,0,0,0,0,0,0,0,0,1,0,2,0,2,0,3,0,0,0,0,0,0,1,0,0,0,0,0,0,0,0,0,0,0,2,0,0,0,1,0,0,0,0,0,0,0,0,0,0,0,-1
-1,0,-1,-2,-2,0,0,0,0,-2,0,0,-3,-1,-1,-1,-1,0,-1,-4,0,0,0,0,0,-1,0,0,0,0,0,-1,0,0,0,0,0,0,0,1,0,0,0,0,0,0,0,0,0,0,0,0,0,0,0,0,0,0,0,0,0,0,0,0,0,0,0,0,0,0,0,0,0,0,0,0,0,1,0,0,0,0,0,0,0,0,0,0,0,0,0,0,0,0,0,0,0,1,0,0,0,0,0,0,0,0,0,0,0,0,0,0,-3
0,-2,-6,0,0,-1,0,-1,-3,0,-1,0,0,0,-1,-1,-1,0,0,0,0,0,-1,-2,0,0,0,-1,-2,-1,-1,-1,-2,0,0,0,0,0,-1,0,0,0,-1,0,1,0,0,0,0,0,0,0,0,0,1,0,1,0,0,0,0,0,0,0,0,0,0,1,2,0,0,0,0,1,0,0,0,0,0,0,0,0,0,0,0,1,0,0,0,2,0,1,0,0,0,0,0,1,0,0,0,0,0,1,0,0,1,0,0,0,0,0,-2
0,-5,-8,-2,0,-1,-1,-1,-1,0,-2,-1,0,0,0,-1,0,0,0,-1,1,0,0,0,-1,-1,-1,-2,0,0,0,-1,0,0,0,0,0,0,0,-1,0,1,0,-1,0,0,-1,0,0,0,0,0,1,0,0,0,0,0,0,1,0,0,0,0,0,0,0,0,0,0,0,0,1,0,0,0,0,0,0,0,0,0,0,0,0,0,0,0,0,0,0,0,0,0,0,0,0,0,8,0,0,0,0,1,0,0,0,0,1,0,0,0,-1
0,0,0,0,0,0,-2,-1,-3,0,0,0,0,-1,0,0,0,-2,0,0,-1,-2,0,0,0,0,-1,-4,0,-1,0,3,0,-2,0,0,0,0,1,0,0,0,1,0,0,0,0,-1,0,0,-1,0,1,1,1,0,0,0,2,1,0,0,0,0,0,0,-1,0,0,0,-1,0,0,0,0,0,0,0,0,0,0,0,0,0,0,0,1,0,1,1,1,0,0,1,0,0,3,0,1,0,0,0,0,2,0,0,0,0,0,0,1,1,-5
-1,0,0,-1,0,0,-2,-2,0,0,-1,0,0,-1,0,-1,-2,0,0,-1,0,-1,-2,0,-1,0,0,-1,0,-1,-2,0,0,-1,0,-2,0,-1,0,0,0,-1,0,0,0,1,0,0,2,0,0,0,-2,1,0,0,1,1,0,1,0,-1,0,0,-1,1,0,0,1,0,0,0,0,-1,3,0,0,0,0,0,1,0,1,0,0,0,1,0,1,0,0,1,0,0,0,2,0,0,2,0,0,2,1,0,1,0,0,0,0,2,0,0,-6
0,0,0,-3,0,-2,0,0,-1,0,0,-2,0,0,-1,0,-1,-1,-1,-1,-1,-1,0,0,-2,0,-1,0,-1,0,0,0,0,0,0,0,0,0,0,0,0,0,0,0,-1,0,0,0,-1,0,0,0,0,0,0,0,0,0,0,0,0,0,0,0,0,0,0,0,0,0,0,0,0,0,0,0,0,0,0,0,0,0,0,0,0,0,0,0,0,0,0,0,0,0,0,0,0,0,0,0,0,0,0,0,0,0,0,0,0,0,0,0,0
-2,-1,-2,0,0,-2,0,0,-2,0,0,-4,0,0,0,-1,0,0,0,0,0,0,0,0,-2,1,0,0,0,0,0,0,0,0,0,0,0,0,1,-1,0,0,1,0,0,0,0,0,0,0,0,0,0,0,0,0,0,0,0,0,0,-1,0,0,0,0,0,0,0,0,0,0,1,0,1,0,0,0,0,0,0,1,1,0,0,0,0,0,0,1,0,0,0,0,0,0,0,0,2,0,0,0,0,0,0,0,0,0,0,0,0,0,-4
-2,0,-1,-1,0,-1,-1,-1,0,0,0,-1,0,0,0,0,-1,0,0,0,-1,0,-1,0,-1,0,0,0,-1,0,0,0,0,0,0,0,0,0,0,0,0,0,0,1,0,0,0,0,0,0,0,0,0,0,0,0,0,0,0,0,0,0,0,0,0,0,0,0,0,-2,0,0,0,0,0,0,0,0,0,0,0,0,0,0,0,0,0,0,0,0,0,0,0,0,0,0,0,0,0,0,0,0,0,0,0,0,0,0,0,0,0,0,-1
-1,-2,0,0,0,0,0,0,0,0,-1,-1,-1,-1,-2,-1,-2,-2,0,1,-3,0,-3,0,0,-1,0,1,0,0,0,-3,0,0,0,-1,0,0,0,0,0,0,0,0,-2,1,0,0,0,0,0,0,0,2,4,4,0,0,0,0,0,0,0,0,2,0,2,0,0,0,1,0,1,1,1,0,0,0,0,0,0,0,0,4,0,0,0,0,0,0,0,2,0,0,0,0,0,1,0,0,0,0,0,0,0,0,2,0,1,0,0,0,0
-3,0,-1,-1,0,-4,-1,-1,0,0,0,-1,-1,-2,0,0,0,-1,-1,0,0,0,-2,0,0,0,0,0,0,0,-1,0,0,0,1,0,-1,0,0,0,0,0,0,0,0,0,0,0,0,0,0,0,0,0,0,0,0,0,0,0,0,0,1,0,-1,0,0,0,0,0,0,0,0,0,0,0,0,0,0,0,0,0,0,0,0,0,0,0,0,0,0,0,0,0,0,0,0,0,0,0,0,0,0,0,0,0,0,0,0,0,0,0,-2
-1,0,0,0,-1,-1,-2,0,-1,0,0,0,-1,-2,0,-1,0,-1,-1,0,-1,0,0,0,0,0,0,-1,-1,1,-1,0,0,-1,0,1,0,0,0,0,0,0,0,1,0,0,0,0,0,0,0,0,1,0,-1,0,0,0,0,1,-1,0,0,0,1,1,2,0,0,0,0,1,0,0,0,0,0,0,0,0,0,0,0,0,2,0,0,0,1,1,0,0,0,0,0,0,1,0,1,0,0,0,0,1,0,2,1,0,0,0,0,1,-2
0,0,-2,0,0,-1,-1,0,-2,0,0,-1,0,-1,-1,-1,0,0,-1,0,-1,0,0,0,0,0,-1,0,0,0,0,0,0,0,0,0,0,0,1,0,0,0,0,0,0,0,0,0,0,0,0,0,0,0,0,0,0,0,0,0,0,1,0,0,0,0,0,0,0,0,0,0,0,0,0,0,0,0,0,0,0,0,0,0,0,0,0,0,0,0,0,0,0,0,0,0,0,0,0,0,0,0,0,0,2,0,0,0,0,0,0,0,0
-1,0,-1,-1,0,-1,0,-1,-1,0,0,-1,-2,0,-2,-1,-1,-9,0,-1,-3,1,-1,0,0,0,0,-2,-1,0,-1,-4,0,0,0,-1,0,0,-1,-1,0,0,-1,-1,2,0,0,0,0,0,-1,0,0,2,-1,0,0,0,0,0,-1,0,-1,0,0,0,2,0,0,0,0,0,0,0,0,0,0,0,0,1,1,-1,0,0,1,1,0,0,0,0,0,0,0,-1,2,0,0,0,1,0,0,1,1,0,0,0,0,0,0,0,0,0,-10
0,0,-2,-1,0,0,0,0,0,0,-1,-1,0,-1,-1,-1,-1,-1,-1,-2,-2,0,0,-2,0,-4,-1,0,0,0,1,-1,0,1,0,0,0,0,0,0,0,0,0,-1,-1,0,0,0,-2,0,0,0,-2,0,-1,0,0,0,0,0,1,0,0,0,1,0,0,0,1,0,0,1,0,-1,0,0,0,0,1,0,0,2,1,2,0,0,0,2,0,0,0,0,0,0,1,1,0,0,0,0,0,0,0,0,0,0,0,0,1,0,0,0,-3
-1,0,0,0,0,0,0,0,-3,0,0,0,0,-1,0,-1,1,-1,-1,-2,0,0,-2,0,-3,0,-3,-2,0,0,-2,-2,-1,-1,0,0,0,0,0,-1,0,-1,0,-1,0,0,0,0,-4,0,1,0,1,1,0,1,1,0,0,0,0,0,1,0,0,2,1,0,0,0,0,1,0,1,1,0,0,0,0,0,-1,0,0,0,0,0,1,0,0,1,1,0,0,1,0,0,2,0,1,0,0,0,0,1,0,1,2,1,1,0,0,0,-2
0,0,0,0,0,0,0,0,0,0,0,-1,0,0,-1,0,0,-5,-1,-1,0,0,-1,0,-1,-1,0,0,0,0,-1,-1,1,0,0,0,-1,0,0,0,0,0,0,0,0,0,0,0,-4,0,0,0,0,0,-1,0,1,0,1,0,0,0,1,0,1,0,1,0,0,0,0,1,0,0,-1,0,0,0,0,0,0,0,0,1,1,2,0,0,0,0,0,1,0,0,0,1,1,1,0,0,0,0,0,0,0,1,1,0,0,1,0,0,-5
0,0,0,0,0,-2,0,0,0,0,0,-1,0,0,0,0,0,-3,0,0,0,-3,1,-1,0,0,-1,-1,0,0,-2,0,0,0,0,-2,0,0,1,0,0,-1,0,0,-1,0,0,0,0,0,0,0,0,0,-1,-1,0,0,0,0,0,0,-1,0,0,1,0,0,0,0,0,0,0,0,-1,0,1,0,1,0,0,0,0,-1,1,0,0,0,0,1,0,0,0,0,0,0,0,0,0,0,0,0,0,0,0,1,0,0,0,0,0,0,-2
0,-1,0,0,-1,0,0,0,0,-1,-1,0,0,0,-2,0,0,0,0,0,-1,0,0,0,-1,-2,0,0,0,0,0,-1,0,0,0,0,0,0,0,0,0,0,0,0,-1,0,0,0,0,0,0,0,0,0,0,0,0,0,0,0,1,1,0,0,0,0,0,0,0,0,1,0,-1,0,0,0,0,1,0,0,0,0,0,0,0,0,0,0,0,0,0,0,0,0,0,0,0,0,0,0,0,0,0,0,0,0,0,0,0,0,0,0,-3
0,0,0,-1,0,0,0,-1,0,-1,-1,0,-1,0,-1,0,0,0,-1,-1,0,0,0,-1,-1,-1,-2,-2,0,0,0,0,0,0,0,0,0,0,0,-1,0,0,0,-2,0,0,0,0,0,0,0,0,0,0,0,-1,0,0,0,0,0,0,0,0,0,0,1,0,-1,0,1,0,0,0,0,0,0,0,0,0,0,0,0,0,0,0,0,0,0,0,0,0,0,0,0,0,0,0,2,0,0,1,0,1,0,0,0,0,0,0,0,0,-4
-1,-5,-1,-1,-3,-1,0,-1,-1,-1,0,1,-1,0,-1,-1,0,0,0,0,0,0,-1,0,0,0,0,-1,0,0,0,0,0,0,0,0,0,0,0,0,0,0,-1,-1,-1,0,0,0,0,0,-1,0,0,0,0,0,0,0,0,0,0,0,0,0,0,0,0,0,1,0,0,0,2,-1,-1,0,0,1,0,0,0,0,0,0,1,0,0,0,0,1,0,0,0,0,0,0,0,0,1,0,0,0,0,1,0,0,0,0,0,0,0,0,-4
0,0,0,-1,0,1,-1,0,1,-1,0,0,0,-3,0,0,-2,-2,0,0,-1,0,0,0,-2,0,0,0,0,0,-4,-1,-1,0,0,0,-1,0,0,2,0,0,0,0,0,0,0,0,0,0,1,0,1,-1,0,0,0,-1,0,0,0,0,0,0,0,0,0,0,-1,0,0,1,1,1,0,0,0,0,0,0,0,0,0,0,1,0,1,0,0,0,0,0,0,1,1,0,0,6,0,1,0,0,0,0,0,0,1,1,1,0,1,0,-2
-2,-1,0,0,0,-1,0,-1,-3,0,0,0,0,0,-1,-1,-2,-2,0,0,0,0,-1,0,0,-6,1,-2,0,0,-2,-1,0,0,1,-1,0,0,-1,0,0,0,0,0,1,0,1,0,0,0,0,-1,0,0,0,0,0,-1,0,0,0,0,0,0,0,1,0,0,0,0,0,0,0,0,0,0,0,0,0,0,2,0,0,0,1,0,0,0,0,0,0,0,1,0,0,0,0,0,1,0,0,1,0,0,0,1,0,0,0,0,1,1,-6
-2,-2,-2,-1,0,-2,0,-1,0,-3,0,-2,0,-2,-1,-9,-1,-1,0,-1,-1,0,0,0,0,-1,0,0,0,0,0,0,0,-1,0,0,0,0,0,-2,0,0,0,0,0,0,0,0,0,-1,0,0,1,0,-1,-1,1,0,0,0,0,0,0,0,0,0,0,0,0,0,0,0,0,0,0,0,0,2,0,0,0,0,0,0,0,0,0,0,0,0,0,0,0,0,0,0,0,0,2,0,0,0,0,0,0,0,0,0,3,0,0,1,-11
1,-1,0,0,0,-2,-1,0,0,0,0,0,0,-2,0,0,0,-2,0,0,0,0,0,-1,0,-2,0,0,-1,-1,-2,1,0,0,0,0,0,0,0,0,0,0,0,0,0,0,0,0,0,0,0,0,0,0,0,0,0,0,0,0,0,0,0,0,0,-1,0,0,0,0,0,0,0,0,0,0,1,0,0,0,1,1,1,0,0,0,1,0,0,0,0,0,0,0,0,0,0,1,0,0,0,1,1,0,0,0,0,0,0,0,0,0,-3
-1,0,0,0,0,0,-1,0,-1,0,0,-2,0,0,-1,0,0,-3,-2,-2,0,-1,0,0,0,-1,0,0,0,0,-1,0,0,0,0,0,0,0,0,0,0,0,0,0,1,0,0,0,-2,1,-1,0,0,-1,0,-1,0,0,0,0,0,0,0,0,0,1,0,0,0,0,0,0,2,1,1,1,0,0,0,0,0,0,1,1,0,0,0,0,0,0,0,0,0,0,0,0,0,0,0,0,0,1,0,0,1,0,0,0,1,1,0,0,-7
0,0,0,0,0,0,0,0,-3,0,0,0,-1,-1,-1,0,0,-1,-2,0,0,-1,-1,0,0,0,-1,-1,0,-1,-3,-1,0,0,0,-1,0,0,0,0,0,0,0,0,-1,0,0,0,0,0,-1,0,0,0,-2,0,-1,0,0,0,0,-1,0,1,-1,0,1,0,0,0,0,0,0,-1,0,0,0,0,0,0,0,0,0,0,-1,0,0,0,0,0,0,0,0,0,0,0,1,0,0,0,0,0,0,0,1,0,0,0,0,2,0,1,-2
0,0,0,0,0,0,0,-1,-1,0,0,0,1,1,0,0,0,-1,0,0,-3,-1,-2,-2,0,1,0,1,0,0,-1,-2,-1,0,0,0,0,0,0,0,0,0,0,1,0,0,0,0,-2,0,-2,0,-2,0,-1,-1,0,0,-1,0,0,0,0,0,0,-1,0,0,0,0,0,0,1,2,0,0,-1,1,0,0,0,0,1,4,0,0,0,0,0,0,0,0,0,0,0,0,0,1,1,0,0,0,0,0,0,0,0,0,0,0,0,0,-5
-3,-4,-3,0,-2,0,-2,-1,-1,-4,-2,0,0,0,-1,0,0,0,-1,0,0,0,0,0,0,-2,0,-2,0,0,0,0,0,0,0,0,0,0,-1,0,0,-1,0,0,0,0,0,0,0,0,0,0,0,0,0,0,0,0,0,0,0,0,0,0,0,0,0,0,0,0,0,0,0,0,0,0,0,0,0,0,0,0,0,0,0,0,0,0,0,0,0,0,0,0,0,0,0,0,0,0,0,0,0,0,0,0,0,0,0,0,0,0,0
-1,0,0,0,0,-2,-1,0,-1,0,0,0,0,-4,0,0,0,-1,0,-1,-3,-1,0,0,-1,-1,-1,-2,0,0,-3,-1,0,0,-1,0,0,0,0,0,0,-2,0,0,-1,0,0,0,0,0,0,0,0,-1,0,0,0,0,1,-1,1,0,0,0,0,0,0,0,0,1,0,0,0,0,0,0,0,0,0,0,0,0,0,0,1,0,0,0,0,0,0,0,0,0,0,0,0,2,1,0,0,0,0,0,0,0,1,0,0,0,2,0,-1
0,0,-1,-1,0,0,0,-1,-4,0,0,0,2,0,0,-1,0,-1,-2,0,0,0,0,0,0,-3,0,0,0,0,0,-1,0,0,-1,0,0,0,-1,0,0,0,0,0,0,0,0,2,0,0,0,0,0,0,0,0,0,0,0,0,0,0,0,0,0,0,0,0,-1,0,0,1,0,0,0,0,0,0,0,0,0,0,0,0,0,0,0,0,0,0,0,0,0,0,0,0,0,0,0,0,0,0,0,0,0,0,0,0,0,0,0,0,-3
-1,0,-1,0,-3,0,0,-2,0,0,0,-1,0,0,0,-1,-2,0,0,0,-2,0,-1,0,0,-2,0,0,0,0,0,-1,0,0,-1,0,0,0,-1,0,0,0,0,1,0,0,0,0,-1,0,0,0,0,0,0,0,0,-1,-1,0,0,0,0,0,0,0,0,0,0,0,0,0,-1,1,0,0,0,0,0,0,0,0,0,0,0,0,0,0,0,0,0,0,0,0,0,0,0,1,0,0,0,0,1,0,0,0,1,0,0,1,0,0,-4
0,0,-2,-1,0,0,-1,-2,-1,0,-1,-3,0,-2,0,-1,-1,-1,0,-1,-1,0,0,0,1,0,0,0,-1,-1,0,-3,0,0,0,-1,0,0,-1,-1,0,0,0,0,0,0,0,0,0,0,-1,0,0,-1,-1,-1,0,0,0,0,-1,0,0,0,0,0,0,0,0,-1,0,0,0,0,0,0,0,0,0,0,0,0,4,0,0,0,2,0,0,0,0,0,1,0,0,0,0,0,0,0,0,0,0,0,0,0,0,0,0,0,0,0,-5
-1,-2,-2,0,0,-1,0,-2,-1,-1,0,0,0,1,0,-2,0,-1,0,0,0,0,0,-1,0,0,0,-1,0,0,0,-1,0,0,0,0,0,-1,0,0,0,0,-1,0,0,0,-1,0,-1,0,0,0,0,0,0,0,0,1,0,-2,-1,0,0,0,-2,0,-1,0,0,0,1,0,0,0,0,0,0,0,0,0,0,1,0,0,0,0,0,1,0,0,0,0,0,0,0,0,0,0,1,1,0,0,0,0,0,0,0,0,0,0,0,2,-10
0,0,0,0,0,-2,-2,0,0,-1,0,-2,0,0,0,0,0,-2,-1,-1,0,0,-1,-1,-2,-3,-2,-1,0,0,-2,-2,-1,0,0,0,0,-1,0,-2,0,-1,0,0,1,0,0,0,-1,0,0,0,0,1,-1,0,0,0,0,1,-1,0,0,0,-1,1,-2,0,0,0,-1,0,0,0,0,0,0,0,0,0,0,0,0,1,0,0,0,0,0,0,0,0,0,0,0,1,0,0,0,0,0,1,0,0,0,0,1,0,0,0,1,0,-7
0,0,0,0,0,0,0,0,0,0,0,0,0,-2,0,0,-1,0,0,-3,-1,-3,-2,0,0,0,0,0,0,0,0,-1,-1,0,0,0,1,0,0,0,0,0,0,0,-3,0,-1,0,-1,0,0,0,0,0,-1,1,1,0,0,1,0,0,0,0,-1,0,0,0,0,0,0,0,0,0,0,0,-1,0,2,0,0,0,0,0,0,0,0,0,0,0,0,2,0,0,0,1,0,0,0,0,0,1,0,0,1,0,0,0,0,2,1,0,-10
0,0,0,0,-1,0,-1,0,0,0,0,-1,0,0,0,0,0,0,0,0,-1,0,0,0,0,-1,-1,-1,0,0,-1,0,0,0,0,0,0,0,0,-2,0,0,0,0,0,0,0,0,0,0,0,0,0,0,0,0,0,0,0,0,0,0,0,0,-1,0,0,0,0,0,0,0,0,0,0,0,0,0,0,0,0,0,0,0,0,0,0,0,0,0,1,0,0,0,0,0,0,0,0,0,1,0,0,0,0,0,0,0,0,0,0,1,-2
-1,0,0,-1,0,0,0,-1,0,0,0,1,0,0,0,1,1,0,1,0,-1,-3,0,0,0,-1,0,0,0,0,-1,-1,0,0,0,0,-1,0,-1,0,0,0,0,0,0,0,0,0,0,0,0,0,0,0,0,0,-1,0,0,0,0,0,0,-1,0,0,1,0,0,0,0,0,0,0,1,0,0,0,0,0,0,1,0,0,0,0,-1,0,0,0,0,0,0,0,0,0,0,1,0,0,0,0,0,0,0,0,0,0,0,0,0,0,-1
0,0,-3,-2,0,0,0,-1,-1,-9,0,-1,0,-1,0,-4,0,0,0,-2,0,-1,-1,0,0,-3,-1,-1,-1,-1,-1,0,0,0,0,0,0,-1,0,-3,-1,0,0,0,0,0,0,0,0,0,0,0,0,0,0,0,0,-1,0,-1,0,0,-2,0,0,0,-1,0,0,0,0,0,0,0,0,0,0,0,0,0,0,0,0,0,0,0,0,0,0,0,0,0,3,0,0,0,0,0,0,0,0,0,0,0,0,0,0,0,4,0,0,7,-16
-4,-2,0,0,0,-1,0,0,-2,0,0,0,-1,0,-1,-2,-1,-1,-1,-1,-1,0,0,0,0,-1,-1,0,0,0,-1,0,-1,0,0,-1,0,0,0,0,0,0,0,0,0,0,0,0,0,0,0,0,0,-1,0,0,-1,0,0,0,0,0,0,0,0,0,0,0,0,0,0,0,0,0,-2,0,0,0,0,0,0,0,0,0,0,0,0,0,0,0,0,0,0,0,0,0,0,0,0,0,0,0,0,0,0,0,0,0,0,0,0,0,-7
0,0,0,0,0,0,0,0,0,0,0,0,0,0,0,0,1,-1,0,0,0,0,0,0,0,0,0,0,0,0,0,0,0,0,0,-2,0,0,0,0,0,0,0,0,0,0,0,0,0,0,0,0,-1,0,0,0,0,0,0,0,0,0,0,0,0,0,0,0,0,0,0,0,0,0,0,0,0,0,0,0,0,0,0,0,0,0,0,0,0,0,0,0,0,0,0,0,0,0,0,0,0,0,0,0,0,0,0,0,0,1,0,0,-11
0,0,0,0,0,0,0,-2,-1,0,-1,0,0,0,0,0,0,-1,0,-2,0,-1,0,0,0,-2,-1,0,0,0,0,-1,0,-1,0,0,0,0,0,0,0,0,0,0,-1,0,0,0,0,0,0,0,-1,0,1,0,0,0,0,0,0,-2,0,-1,0,0,0,0,0,0,0,0,0,0,0,0,0,0,0,0,0,0,0,0,0,0,0,0,0,0,0,0,0,0,0,0,0,0,0,0,0,0,0,0,0,0,0,0,0,0,0,0,-3
-2,0,0,-1,0,-1,-1,-1,-1,-2,0,-2,0,0,0,0,0,0,0,0,-2,0,-1,-1,-1,0,-1,0,0,-1,-1,0,0,0,0,0,0,0,0,0,0,0,0,0,0,0,-1,0,0,0,0,0,1,-2,0,0,0,0,0,0,0,0,0,-1,0,0,0,0,0,0,0,0,-1,0,0,0,-1,0,0,0,0,0,0,0,0,0,0,0,0,0,0,0,0,0,0,0,0,0,1,0,0,0,0,0,0,0,0,0,0,0,0,0,-5
-1,0,0,0,0,0,0,0,0,0,-1,-4,0,0,0,-1,-1,0,0,0,-1,0,0,0,-1,-3,-1,-2,0,0,-1,-1,0,0,0,0,0,0,0,0,0,0,0,0,-1,0,-1,0,0,0,0,0,0,-1,0,0,0,0,0,0,0,0,0,-1,-1,0,-1,0,0,0,0,-4,0,0,0,0,0,0,0,0,0,0,0,0,0,0,0,0,0,0,0,0,0,0,0,0,0,0,0,0,0,0,0,0,0,0,0,0,1,0,0,0,-4
0,0,0,0,0,0,0,0,-1,0,0,-1,0,0,0,0,0,-1,0,0,-1,0,0,0,0,0,0,-1,-1,0,0,-1,-1,0,0,0,0,0,0,0,0,0,0,0,0,0,0,0,-4,0,0,0,0,-2,0,-1,1,0,0,0,0,0,0,0,-1,0,-4,0,0,0,0,0,0,-1,0,0,0,0,0,0,0,0,0,0,0,0,0,0,0,0,0,0,0,0,0,0,0,0,0,0,0,0,0,0,0,0,0,0,0,0,0,0,-5
-1,0,0,-1,0,-2,0,-2,-1,0,0,-1,-1,-1,0,0,-1,-5,0,0,-2,-1,-1,0,0,0,0,0,0,0,-3,0,0,0,0,0,0,0,1,-1,0,0,0,0,0,0,0,0,0,0,-2,0,-1,0,0,-1,-1,0,0,-1,-1,-1,0,0,0,1,0,0,-1,0,0,0,0,0,0,0,0,0,0,0,0,0,0,0,0,0,0,0,0,0,0,0,0,0,0,0,0,0,0,0,0,0,0,0,0,0,0,0,0,1,0,0,0
0,0,-1,0,0,-1,0,0,0,0,0,0,0,-1,-3,0,0,0,0,0,0,-1,-5,0,-2,-1,0,0,-1,0,-1,-2,0,0,0,0,0,0,0,0,0,-1,0,0,0,0,0,0,0,0,0,0,-1,0,0,-2,0,0,0,0,0,0,0,0,0,0,0,0,0,0,0,0,0,0,0,0,0,0,0,0,0,0,0,0,0,0,0,0,0,0,0,0,0,0,0,0,-1,0,0,0,0,0,0,0,0,0,0,0,0,0,1,0,-3
0,0,0,0,-2,-3,-1,0,-1,0,0,0,-2,-1,0,-1,0,-2,0,0,0,0,0,0,-1,-1,-1,0,0,-1,-1,0,-1,0,0,0,0,0,0,0,0,0,0,-1,-1,0,0,0,0,0,0,0,0,0,-1,0,0,0,0,0,-1,0,0,-1,0,0,0,0,0,0,0,-2,0,0,0,0,1,0,0,0,0,0,0,0,0,0,0,0,0,0,0,0,0,0,0,0,0,0,0,0,0,0,0,0,0,0,0,0,0,0,0,0,-1
0,0,0,0,0,0,0,0,-1,0,0,0,0,0,-1,-1,0,-1,-1,0,-1,0,0,0,0,0,-1,0,0,0,0,0,0,0,0,0,0,0,0,0,0,0,0,0,0,0,0,0,0,0,0,0,0,-2,0,0,0,0,0,0,0,0,0,0,0,0,0,0,0,0,0,0,-1,0,0,0,0,0,0,0,0,0,0,0,0,0,0,0,0,0,0,0,0,0,0,0,0,0,0,0,0,0,0,0,0,0,0,0,0,1,0,0,-4
0,-1,0,0,0,0,0,0,0,0,0,0,-1,0,0,0,0,0,0,0,0,0,0,0,0,0,0,0,0,0,0,0,0,0,0,0,0,0,0,0,0,0,0,-1,-1,0,0,0,0,0,-1,0,0,0,0,0,0,0,0,0,0,0,0,0,0,0,0,0,0,0,0,0,0,0,0,0,0,0,0,0,0,0,0,0,0,0,0,0,0,0,0,0,0,0,0,0,0,0,1,0,0,0,0,0,0,0,0,0,0,0,0,0,-2
-1,0,-1,0,0,0,0,0,0,0,0,0,0,0,0,0,0,0,0,-1,0,0,0,0,0,-1,0,-1,-1,-2,-1,0,0,0,0,-1,0,0,0,0,0,-2,0,-1,0,0,-1,0,0,0,-1,0,0,0,-1,0,-1,0,0,-1,0,0,0,0,0,0,0,0,0,0,0,0,0,0,0,0,0,0,0,0,0,0,0,0,0,0,0,0,0,0,0,0,0,0,0,0,0,0,0,0,0,0,0,0,0,0,0,0,0,0,0,0,-2
0,0,0,0,0,0,-1,0,0,0,0,0,0,0,0,0,-2,0,0,0,0,0,0,0,0,-1,-1,0,0,0,0,-1,0,0,0,0,0,0,0,0,0,0,0,-1,0,0,0,0,0,0,0,0,0,0,-1,0,0,0,0,0,0,0,0,0,0,0,0,0,0,0,0,0,0,0,0,-1,0,0,0,0,0,0,0,0,0,0,0,0,0,0,0,0,0,0,0,0,0,0,0,0,0,0,0,0,0,0,0,0,0,0,0,0,-1
-2,-3,-1,0,-1,0,-2,0,-1,0,-1,-2,0,-1,-1,0,-1,0,0,-1,-1,0,0,0,-1,-3,0,-1,-7,0,-3,-1,0,0,-1,-2,-2,-1,-1,0,0,-1,0,0,-1,0,0,0,-2,0,0,0,0,0,0,-1,0,0,0,0,0,0,0,0,0,0,0,0,0,0,0,0,0,0,-2,0,0,0,0,0,0,0,0,0,0,0,0,0,0,0,0,0,0,0,0,0,0,0,0,0,0,0,1,0,0,0,0,0,0,0,0,0,-4
0,-1,0,-2,-1,-1,0,-2,0,-3,0,-1,0,0,0,-6,0,-1,0,0,0,0,0,0,0,0,1,-1,0,-1,0,0,0,0,-1,0,0,0,0,0,0,0,0,0,0,0,0,0,0,0,0,0,0,0,0,0,0,0,0,0,0,-1,0,0,0,0,0,0,0,0,0,-1,0,0,0,0,0,-3,0,0,0,0,0,0,0,0,0,0,0,0,0,0,0,0,0,0,0,0,0,0,0,0,0,0,0,0,0,0,2,0,0,0,-5
-4,0,0,-3,0,0,0,-1,0,-2,0,-1,-1,0,-2,-1,0,-1,0,-3,0,-1,0,0,-1,-2,0,0,0,0,-1,0,0,0,0,0,0,0,-1,0,0,0,0,-1,0,0,0,0,0,0,0,0,1,0,-1,0,0,0,0,0,-1,0,0,0,0,0,0,0,0,0,0,0,0,0,0,0,0,0,0,0,0,0,0,0,0,0,0,0,0,0,0,0,0,0,0,0,0,0,0,0,0,0,0,0,0,0,0,0,0,0,0,0,-1
0,0,0,0,0,0,-1,0,0,0,0,0,-1,-1,-1,0,0,-1,0,-1,0,0,0,-1,0,0,0,0,-1,0,0,-1,0,0,0,-1,-1,-3,0,0,0,0,0,0,0,0,0,0,0,0,0,0,-2,-1,0,0,0,0,0,0,-1,0,0,0,0,0,0,0,0,0,0,0,0,0,0,0,0,0,0,0,0,0,0,0,0,0,0,0,0,0,0,0,0,0,0,0,0,0,0,0,0,0,0,0,0,0,0,0,0,0,0,0,-3
0,0,0,0,0,0,0,0,-1,-1,0,0,0,0,0,-1,0,0,0,-1,-1,0,0,0,0,0,0,0,0,0,0,0,0,0,0,0,0,0,-1,0,0,0,0,0,-2,0,0,0,0,0,0,0,0,-1,0,-1,0,0,0,0,0,0,0,0,0,0,0,0,0,0,0,0,0,-1,-1,0,0,0,0,0,0,0,0,0,0,0,0,0,0,0,0,0,0,0,0,0,0,0,0,0,0,0,0,0,0,0,0,0,0,0,0,0,-7
0,-2,-6,-2,0,0,-1,0,-3,-2,0,-4,0,0,0,-2,0,0,0,0,-1,0,-2,0,0,0,0,-1,0,-2,0,0,0,0,0,0,0,-1,-2,-2,0,0,0,-3,0,0,0,0,0,0,-1,0,0,0,-2,-1,0,0,0,0,0,0,0,0,0,-1,0,0,0,0,0,0,0,0,0,0,0,0,0,0,0,0,0,0,0,1,0,0,0,0,0,0,0,0,0,0,0,0,0,0,0,0,0,1,0,0,0,0,0,0,0,0,-5
0,0,-2,0,0,0,-1,0,0,0,0,0,-1,0,0,0,0,0,0,0,-2,-2,0,-2,-1,-1,-1,-1,0,0,-1,-3,0,0,0,0,0,0,0,0,-1,-1,0,0,0,0,0,0,-1,0,0,0,0,0,0,-1,0,0,0,0,-6,0,0,-1,0,0,-1,0,-2,0,-1,0,0,0,0,0,-1,0,0,0,0,0,0,0,0,0,0,0,0,0,0,0,0,0,0,0,0,0,0,0,0,0,0,0,0,0,0,0,0,0,0,0,-6
0,-3,-5,0,0,-2,-1,-1,-1,-2,-2,0,-1,-3,0,0,0,-3,0,-1,0,0,-2,0,0,-2,0,0,0,-1,-5,0,-1,-2,0,0,0,0,0,0,0,0,-8,-1,-2,0,-2,0,0,0,-1,0,-1,0,-1,0,0,0,-2,-1,0,-1,-2,0,0,0,-1,0,-1,0,0,0,-1,0,0,0,0,0,0,0,0,-1,0,0,0,0,0,0,-1,0,0,0,0,0,0,0,0,0,0,0,0,0,0,0,0,0,0,0,0,0,0,0,-27
0,0,0,0,0,0,0,0,0,0,0,0,0,-1,-1,-1,0,0,0,0,-1,0,0,0,0,0,0,0,0,-1,-1,0,0,0,0,0,0,0,0,0,0,0,0,0,0,0,0,0,0,0,0,0,0,0,0,0,0,0,0,0,-1,0,0,0,0,0,0,0,0,0,0,0,-1,0,0,0,0,0,0,0,0,0,0,0,0,0,0,0,0,0,0,0,0,0,0,0,0,0,0,0,0,0,0,0,0,0,0,0,0,0,0,0,-4
0,-1,0,0,0,0,0,-1,0,0,0,0,0,0,0,0,0,0,0,0,0,0,0,0,0,0,0,0,0,0,0,-1,0,0,0,0,0,0,0,-1,0,0,0,0,0,0,0,0,0,0,0,0,0,0,0,0,0,0,0,0,0,0,0,0,0,0,0,0,0,0,0,0,0,0,0,-1,0,0,0,0,0,0,0,0,0,0,0,0,0,0,0,0,0,0,0,0,0,0,0,0,0,0,0,0,0,0,0,0,0,0,0,0,-3
0,0,0,0,0,0,0,0,-3,0,0,0,0,0,0,-1,0,0,0,-4,0,0,-2,0,0,0,0,-1,0,0,-1,0,0,-1,0,0,-1,0,0,0,0,0,0,0,-2,0,0,0,0,0,0,0,-1,0,0,0,0,0,-1,0,0,-1,0,-1,-1,0,0,0,0,0,0,0,0,-1,-1,0,0,0,0,0,0,0,0,0,0,0,0,0,0,0,0,0,0,0,0,0,0,0,0,0,0,0,0,0,0,0,0,0,0,0,0,0,-2
0,0,0,0,0,0,0,0,0,0,0,0,0,0,0,0,0,0,0,0,0,0,0,0,-1,0,0,0,0,0,0,0,0,0,0,0,0,0,0,0,0,0,0,0,-1,0,0,0,0,0,0,0,-1,0,0,0,0,0,0,0,0,0,0,-1,0,0,0,0,0,0,-1,0,0,0,0,0,0,0,0,0,0,0,0,0,0,0,0,0,0,0,0,-1,0,0,0,0,0,0,0,0,0,0,0,0,0,0,0,0,0,0,0,0,-2
-1,-1,-6,0,0,0,-1,0,0,-1,0,-1,0,-2,-4,-1,0,0,0,0,-1,0,0,0,0,-1,0,0,0,0,-1,-1,0,0,0,0,0,0,0,0,0,-1,-1,-2,0,0,0,0,0,0,-1,0,0,0,-1,0,0,0,-1,-1,0,0,0,0,0,0,0,0,0,0,0,0,0,0,0,0,0,0,0,0,0,0,0,0,0,0,0,0,0,0,0,0,0,0,0,0,-1,0,0,0,0,0,0,0,0,0,0,0,0,0,0,0,-5
-1,0,0,0,0,0,0,0,0,0,0,0,0,0,-1,-1,0,0,0,-1,0,0,-1,-1,-1,-1,0,0,0,0,0,-1,0,0,0,0,-1,0,-10,0,0,0,0,0,-1,0,0,0,0,0,0,-2,0,0,0,0,0,0,0,0,0,0,0,0,-1,-1,0,0,0,0,0,0,0,0,-1,0,0,0,0,0,0,0,0,0,0,0,0,0,0,0,0,0,0,0,0,0,0,0,0,0,0,0,0,0,0,0,0,0,0,0,0,0,-3
1,0,0,0,0,-1,-1,0,-1,0,0,-1,0,0,0,-1,-1,0,0,0,-1,0,0,0,-1,0,0,0,-2,-1,0,-1,0,-3,0,-1,0,0,-3,0,0,0,0,0,0,0,0,0,0,0,-2,0,0,0,-1,-1,-1,0,0,0,0,-1,0,0,0,0,0,0,0,0,0,0,0,0,0,0,0,0,0,0,0,0,0,0,0,0,0,0,0,0,0,0,0,0,0,0,0,0,0,0,0,0,0,0,0,0,0,0,0,0,0,0,-6
0,0,0,-1,0,-2,0,0,0,0,0,0,0,0,0,0,0,0,0,0,-1,0,-2,0,0,-1,0,0,0,-1,-1,0,0,-1,0,0,0,0,0,0,0,-1,0,0,0,0,0,0,-2,0,-1,0,0,0,-2,-1,0,0,0,0,-1,0,0,0,0,0,0,0,-1,0,-1,0,0,-1,0,0,0,0,0,0,0,0,0,0,0,0,0,0,0,0,0,0,0,0,0,0,0,0,0,0,0,0,0,0,0,0,0,0,0,0,0,0,-5
0,0,0,0,0,0,0,0,0,0,0,0,0,0,0,0,-1,0,0,0,-1,-1,0,0,0,0,0,-1,-1,0,0,-1,0,-2,0,0,0,0,-2,0,0,0,0,0,0,0,0,0,0,0,0,0,0,0,-1,0,0,0,0,0,-1,0,0,0,0,0,0,0,0,0,0,0,0,0,0,0,0,0,0,0,0,0,0,0,0,0,0,0,0,0,0,0,0,0,0,0,0,0,0,0,0,0,0,0,0,0,0,0,0,0,0,0,-3
0,0,0,0,0,-1,-1,0,0,-4,-1,-1,0,0,-1,-6,0,0,0,0,-1,0,0,0,0,0,0,0,0,0,0,0,0,0,-1,0,0,0,0,0,0,0,-1,0,0,0,0,0,-1,0,0,0,0,-1,-1,0,0,0,0,0,-1,0,-3,0,-1,0,0,0,0,0,0,0,0,0,0,0,0,-4,0,0,0,0,-1,0,0,0,0,0,0,0,0,0,-2,0,0,0,0,0,0,0,0,0,0,0,0,0,0,0,0,0,0,0,-12
0,-1,0,-1,0,0,0,0,-1,0,0,-1,0,0,0,0,0,-3,0,-1,-1,0,-2,0,0,-4,0,0,0,0,-1,-1,0,0,0,-1,0,0,0,0,0,0,0,0,-2,0,0,0,0,0,0,0,0,0,0,-1,0,0,0,0,0,0,0,0,-1,-2,0,0,0,0,-1,0,0,0,-2,0,0,0,0,-1,0,0,0,0,-1,0,0,-1,0,0,0,0,0,0,0,0,0,0,0,0,0,0,0,0,0,0,0,0,0,0,0,0,-7
0,-1,0,-1,0,0,-3,-5,-1,0,0,0,0,-4,-1,0,0,-4,0,-1,-1,-1,-1,0,0,0,0,0,0,0,0,-1,0,0,0,0,0,0,0,0,0,0,0,-1,0,0,0,0,0,0,0,0,0,0,0,0,0,0,0,0,-1,-1,0,0,0,0,0,0,-2,0,0,0,0,-1,-1,0,0,0,0,0,0,0,0,0,0,-1,0,0,0,0,0,0,0,0,0,0,0,0,0,0,0,0,0,0,0,0,0,0,0,0,0,0,-9
0,0,0,0,0,0,0,0,0,0,-1,0,0,0,0,-6,0,0,0,-1,0,0,0,0,0,0,0,-1,0,0,-1,0,0,0,0,0,0,0,0,0,0,0,0,-1,0,0,0,0,0,0,-1,0,0,0,0,0,0,0,0,0,0,-1,-1,0,0,-1,0,0,0,0,0,0,-2,0,0,-1,0,-7,0,0,0,0,0,0,0,0,0,0,0,0,0,0,0,0,0,0,0,0,0,0,0,0,0,0,0,0,0,0,0,0,0,0,-4
7,3,8,5,3,7,0,10,7,11,9,14,5,3,3,11,6,0,3,7,1,4,6,0,3,3,1,5,3,7,6,7,0,1,2,4,0,3,10,1,3,2,1,5,6,0,4,1,0,2,2,0,10,3,2,5,2,3,4,4,2,6,11,3,7,2,5,0,1,3,4,5,10,7,10,2,1,16,7,11,3,5,4,5,0,3,1,4,2,2,1,4,5,1,3,7,5,6,27,4,3,2,2,5,3,6,5,3,12,7,9,4,0
