Div,Date,HomeTeam,AwayTeam,FTHG,FTAG,FTR,HTHG,HTAG,HTR,Referee,HS,AS,HST,AST,HF,AF,HC,AC,HY,AY,HR,AR,B365H,B365D,B365A,BWH,BWD,BWA,IWH,IWD,IWA,LBH,LBD,LBA,PSH,PSD,PSA,WHH,WHD,WHA,SJH,SJD,SJA,VCH,VCD,VCA,Bb1X2,BbMxH,BbAvH,BbMxD,BbAvD,BbMxA,BbAvA,BbOU,BbMx>2.5,BbAv>2.5,BbMx<2.5,BbAv<2.5,BbAH,BbAHh,BbMxAHH,BbAvAHH,BbMxAHA,BbAvAHA
E0,16/08/14,Arsenal,Crystal Palace,2,1,H,1,1,D,J Moss,14,4,6,2,13,19,9,3,2,2,0,1,1.25,6.5,15,1.25,5.5,12,1.3,5,9,1.25,6,13,1.26,6.45,14.01,1.25,5.5,12,1.25,5.75,12,1.25,6.25,10.5,50,1.3,1.25,6.7,5.96,16,12.43,48,1.77,1.72,2.26,2.1,24,-1.5,1.81,1.78,2.2,2.1
E0,16/08/14,Leicester,Everton,2,2,D,1,2,A,M Jones,11,13,3,3,16,10,3,6,1,1,0,0,3.2,3.4,2.4,2.9,3.2,2.4,2.9,3.3,2.3,3.25,3.4,2.25,3.14,3.38,2.46,3.1,3.1,2.4,3,3.3,2.38,3.2,3.4,2.4,50,3.3,3.06,3.45,3.32,2.42,2.36,48,2.1,2,1.9,1.8,22,0.25,1.88,1.85,2.1,2.02
E0,16/08/14,Man United,Swansea,1,2,A,0,1,A,M Dean,14,5,5,4,14,20,4,0,2,4,0,0,1.36,5,11,1.4,4.75,9,1.33,5,8,1.36,5,10,1.37,5.1,10.6,1.36,4.5,9,1.36,5,8,1.36,5.2,10,50,1.38,1.34,5.5,4.96,11.03,9.32,48,1.77,1.71,2.3,2.13,25,-1.5,2.18,2.08,1.87,1.79
E0,16/08/14,QPR,Hull,0,1,A,0,0,D,C Pawson,19,11,6,4,10,10,8,9,1,2,0,0,2.5,3.3,3.1,2.5,3.1,2.85,2.3,3.3,2.9,2.4,3.25,3.1,2.48,3.26,3.22,2.6,3,2.9,2.5,3.25,2.88,2.55,3.2,3.12,50,2.6,2.47,3.4,3.18,3.2,3.02,46,2.52,2.36,1.65,1.58,24,0,1.8,1.73,2.25,2.14
E0,16/08/14,Stoke,Aston Villa,0,1,A,0,0,D,A Taylor,12,7,2,2,14,9,2,8,0,3,0,0,1.95,3.5,4.5,1.95,3.3,3.9,2,3.3,3.6,1.95,3.4,4.2,1.95,3.47,4.55,1.95,3.2,4.2,1.95,3.4,4,1.95,3.3,4.75,50,2,1.92,3.5,3.38,4.8,4.27,44,2.42,2.31,1.67,1.6,23,-0.5,1.95,1.91,2.02,1.96
E0,16/08/14,West Brom,Sunderland,2,2,D,1,1,D,N Swarbrick,10,7,5,2,18,9,6,3,3,1,0,0,2.25,3.4,3.5,2.3,3.25,3.1,2.2,3.3,3.1,2.3,3.3,3.3,2.21,3.34,3.73,2.3,3.1,3.3,2.2,3.4,3.3,2.25,3.3,3.6,50,2.3,2.23,3.5,3.31,3.7,3.34,48,2.29,2.14,1.76,1.7,22,-0.25,1.94,1.91,2.02,1.97
E0,16/08/14,West Ham,Tottenham,0,1,A,0,0,D,C Foy,18,10,4,4,12,10,8,5,1,0,1,1,3.8,3.6,2.05,3.5,3.4,2.05,3.1,3.3,2.2,3.6,3.4,2.1,3.96,3.55,2.06,3.75,3.3,2.05,3.6,3.4,2.05,4,3.5,2.05,49,4.05,3.74,3.62,3.43,2.2,2.03,47,2.08,1.98,1.92,1.82,21,0.5,1.91,1.86,2.1,2.02
E0,17/08/14,Liverpool,Southampton,2,1,H,1,0,H,M Clattenburg,12,12,5,6,8,11,2,6,1,2,0,0,1.33,5.75,10,1.36,4.5,8.75,1.35,4.8,7.6,1.36,5,9,1.35,5.48,10.3,1.36,4.5,9,1.36,5,8.5,1.36,5.25,10,49,1.38,1.34,5.8,5.16,11,9,41,1.66,1.6,2.54,2.3,24,-1.5,2.04,2,1.94,1.87
E0,17/08/14,Newcastle,Man City,0,2,A,0,1,A,M Atkinson,12,13,0,5,8,11,3,3,1,5,0,0,5.25,4.33,1.67,4.75,3.8,1.67,4.9,3.7,1.65,5,4.2,1.66,5.8,4.28,1.63,5,3.75,1.67,5.25,4,1.62,5.5,4.1,1.67,50,5.97,5.24,4.33,4,1.67,1.64,44,1.73,1.66,2.36,2.19,24,1,1.86,1.8,2.12,2.08
E0,18/08/14,Burnley,Chelsea,1,3,A,1,3,A,M Oliver,9,11,2,3,6,7,4,3,1,1,0,0,9,5,1.4,7.5,4.6,1.4,6.8,4.6,1.4,9,4.8,1.4,9.77,4.81,1.41,9,4.2,1.4,8,4.5,1.4,10,4.8,1.4,48,11,8.72,5.1,4.63,1.42,1.39,46,1.95,1.85,2.05,1.94,23,1.5,1.82,1.7,2.35,2.2
E0,23/08/14,Aston Villa,Newcastle,0,0,D,0,0,D,M Dean,9,11,0,4,11,8,7,7,4,0,0,1,2.5,3.4,3,2.6,3.25,2.9,2.3,3.3,2.9,2.5,3.3,2.87,2.56,3.36,3.01,2.45,3.25,2.9,2.5,3.25,2.88,2.5,3.3,3.1,51,2.65,2.5,3.45,3.27,3.11,2.92,49,2.2,2.1,1.8,1.72,29,0,1.84,1.78,2.16,2.09
E0,23/08/14,Chelsea,Leicester,2,0,H,0,0,D,L Mason,27,6,10,4,11,11,8,7,0,1,0,0,1.2,7.5,17,1.25,6.25,12.5,1.22,5.5,12,1.22,6,13,1.21,7.28,17.7,1.22,5.5,15,1.2,6.5,13,1.22,7,17,51,1.24,1.2,7.8,6.79,18.48,14.59,42,1.57,1.52,2.64,2.46,28,-2,2.13,2.06,1.88,1.8
E0,23/08/14,Crystal Palace,West Ham,1,3,A,0,2,A,M Clattenburg,9,17,4,8,14,11,6,9,1,3,0,0,2.5,3.3,3.1,2.5,3,2.95,2.3,3.3,2.9,2.5,3.1,3,2.44,3.25,3.3,2.5,3.2,2.8,2.38,3.2,3,2.5,3.2,3.2,51,2.52,2.44,3.31,3.18,3.35,3.07,41,2.62,2.45,1.61,1.54,26,-0.25,2.12,2.07,1.86,1.81
E0,23/08/14,Everton,Arsenal,2,2,D,2,0,H,K Friend,8,13,2,3,10,18,3,3,1,4,0,0,2.8,3.4,2.7,2.75,3.25,2.7,2.75,3.3,2.4,2.75,3.25,2.7,2.72,3.45,2.76,2.7,3.1,2.7,2.63,3.25,2.63,2.7,3.4,2.8,50,2.82,2.71,3.5,3.3,2.78,2.65,48,1.94,1.83,2.08,1.97,24,0,1.98,1.93,2,1.93
E0,23/08/14,Southampton,West Brom,0,0,D,0,0,D,R East,8,8,2,2,14,15,1,5,1,2,0,0,1.85,3.7,4.75,1.87,3.75,4.2,1.95,3.35,3.7,1.85,3.5,4.33,1.86,3.76,4.62,1.91,3.2,4.5,1.83,3.4,4.5,1.87,3.7,4.5,50,1.95,1.86,3.8,3.52,4.8,4.43,48,1.99,1.89,2.02,1.91,24,-0.5,1.88,1.85,2.08,2.03
E0,23/08/14,Swansea,Burnley,1,0,H,1,0,H,C Pawson,10,12,5,1,14,13,2,3,2,1,0,0,1.65,4,6,1.7,3.6,5.75,1.7,3.6,4.7,1.66,3.75,5,1.64,4.13,5.98,1.67,3.4,6,1.62,3.75,5.5,1.65,4,6,50,1.7,1.64,4.11,3.83,6.25,5.65,48,1.91,1.84,2.08,1.96,27,-1,2.15,2.09,1.87,1.79
E0,24/08/14,Hull,Stoke,1,1,D,1,0,H,J Moss,9,19,2,3,10,10,4,5,1,3,1,0,2.5,3.25,3.2,2.55,3.2,2.95,2.3,3.3,2.9,2.4,3.2,3.2,2.48,3.18,3.31,2.5,3.2,2.8,2.38,3.2,3,2.5,3.1,3.3,51,2.6,2.44,3.3,3.16,3.31,3.1,42,2.7,2.51,1.56,1.5,25,0,1.71,1.68,2.31,2.22
E0,24/08/14,Sunderland,Man United,1,1,D,1,1,D,M Atkinson,11,10,3,3,10,15,4,4,0,2,0,0,5,4,1.75,4.4,3.75,1.83,4.9,3.7,1.65,4.5,3.6,1.8,4.95,3.93,1.79,4.5,3.5,1.8,4.8,3.6,1.73,5,3.9,1.75,50,5.25,4.8,4,3.68,1.81,1.76,48,1.95,1.86,2.04,1.94,24,0.75,1.94,1.89,2.05,1.99
E0,24/08/14,Tottenham,QPR,4,0,H,3,0,H,A Taylor,18,9,5,1,12,6,7,6,0,1,0,0,1.45,4.75,8,1.48,4.25,7.75,1.45,4,7,1.44,4.33,7.5,1.49,4.64,7.5,1.5,4,7,1.5,4.33,6.5,1.5,4.4,7.5,50,1.51,1.46,4.77,4.37,8.2,7.21,49,1.83,1.76,2.18,2.03,28,-1,1.86,1.81,2.2,2.07
E0,25/08/14,Man City,Liverpool,3,1,H,1,0,H,M Oliver,9,11,4,3,13,7,6,7,1,1,0,0,1.85,4,4.33,1.87,3.9,4,1.85,3.45,4,1.85,3.75,4.2,1.83,4.05,4.43,1.85,3.4,4.33,1.83,3.5,4.33,1.85,4,4.3,48,1.88,1.83,4.1,3.72,4.5,4.26,45,1.7,1.61,2.52,2.29,22,-0.75,2.1,2.06,1.88,1.83
E0,30/08/14,Burnley,Man United,0,0,D,0,0,D,C Foy,9,7,3,2,10,14,3,6,2,2,0,0,6,4.2,1.62,5.75,4,1.62,5.6,3.9,1.55,5.5,4,1.61,6.11,4.18,1.62,6.5,3.4,1.62,5.75,3.8,1.62,6.25,4,1.62,50,6.54,5.97,4.27,3.89,1.67,1.6,47,2,1.91,1.95,1.89,28,1,1.84,1.79,2.2,2.08
E0,30/08/14,Everton,Chelsea,3,6,A,1,2,A,J Moss,17,12,7,8,7,16,8,2,1,3,0,0,3.75,3.3,2.2,3.5,3.3,2.2,3.6,3.3,2,3.5,3.4,2.2,3.79,3.33,2.19,3.6,2.88,2.25,3.5,3.4,2.1,3.7,3.4,2.15,50,3.84,3.56,3.5,3.31,2.22,2.15,47,2.19,2.07,1.81,1.75,22,0.25,2.09,2.01,1.9,1.86
E0,30/08/14,Man City,Stoke,0,1,A,0,0,D,L Mason,16,7,2,2,14,5,11,4,2,1,0,0,1.18,8,18,1.18,6.5,14.5,1.2,5.8,13,1.18,7.5,17,1.2,7.8,17.95,1.2,5.5,21,1.2,7,12,1.2,7,20,49,1.21,1.19,8,7.04,21,15.58,37,1.6,1.54,2.58,2.44,25,-2,2.12,2.06,1.92,1.82
E0,30/08/14,Newcastle,Crystal Palace,3,3,D,1,1,D,M Jones,18,12,4,7,12,19,11,4,1,3,0,0,1.75,3.75,5.25,1.75,3.5,4.75,1.75,3.5,4.5,1.75,3.6,5,1.74,3.78,5.58,1.75,3.2,5.5,1.73,3.6,5.25,1.75,3.6,5.75,50,1.77,1.72,3.8,3.6,5.8,5.22,46,2.28,2.18,1.74,1.67,22,-0.75,1.97,1.93,2,1.95
E0,30/08/14,QPR,Sunderland,1,0,H,1,0,H,R Madley,18,16,5,6,8,9,4,6,1,2,0,0,2.4,3.25,3.3,2.45,3.2,2.85,2.5,3.3,2.65,2.5,3.25,3,2.43,3.23,3.35,2.5,2.9,3.1,2.38,3.2,3.13,2.45,3.12,3.4,49,2.51,2.41,3.3,3.17,3.4,3.13,40,2.53,2.37,1.67,1.57,24,-0.25,2.11,2.06,1.85,1.82
E0,30/08/14,Swansea,West Brom,3,0,H,2,0,H,P Tierney,15,16,8,2,10,8,0,7,1,2,0,0,1.85,3.6,4.75,1.85,3.4,4.2,1.8,3.5,4.2,1.85,3.6,4.5,1.88,3.66,4.67,1.91,3.1,4.5,1.83,3.5,4.5,1.91,3.6,4.5,50,1.91,1.85,3.7,3.51,4.9,4.47,46,2.05,1.95,1.92,1.83,23,-0.5,1.88,1.84,2.08,2.04
E0,30/08/14,West Ham,Southampton,1,3,A,1,1,D,M Dean,4,18,2,8,11,13,2,9,2,1,0,0,2.8,3.4,2.7,2.6,3.2,2.7,2.5,3.3,2.65,2.75,3.25,2.75,2.8,3.43,2.69,2.9,2.8,2.75,2.75,3.25,2.6,2.8,3.3,2.75,50,2.9,2.73,3.5,3.26,2.76,2.65,46,2.14,2.04,1.87,1.77,27,0,2.03,1.96,1.94,1.89
E0,31/08/14,Aston Villa,Hull,2,1,H,2,0,H,M Clattenburg,11,9,4,3,9,10,3,7,1,4,0,0,2.3,3.3,3.5,2.35,3.1,3.1,2.1,3.3,3.3,2.25,3.2,3.6,2.33,3.16,3.63,2.38,2.88,3.4,2.2,3.2,3.5,2.3,3.1,3.7,50,2.38,2.25,3.3,3.15,3.75,3.47,40,2.89,2.61,1.53,1.48,22,-0.25,1.98,1.94,1.96,1.93
E0,31/08/14,Leicester,Arsenal,1,1,D,1,1,D,A Taylor,9,24,3,6,14,6,5,10,3,1,0,0,4.75,3.75,1.83,4.33,3.4,1.83,4.5,3.5,1.75,4.5,3.75,1.83,4.54,3.8,1.87,4.8,3,1.91,4.33,3.5,1.83,4.6,3.75,1.85,50,4.75,4.48,3.9,3.6,1.89,1.82,47,1.9,1.81,2.1,1.98,22,0.75,1.83,1.8,2.15,2.08
E0,31/08/14,Tottenham,Liverpool,0,3,A,0,1,A,P Dowd,7,17,1,8,14,11,7,3,0,4,0,0,2.7,3.5,2.7,2.7,3.2,2.7,2.6,3.2,2.6,2.7,3.4,2.7,2.69,3.48,2.77,2.7,3,2.8,2.6,3.4,2.63,2.7,3.5,2.7,49,2.74,2.63,3.6,3.38,2.8,2.68,39,1.72,1.64,2.34,2.22,26,0,1.97,1.92,2.01,1.94
E0,13/09/14,Arsenal,Man City,2,2,D,0,1,A,M Clattenburg,15,15,6,8,11,15,0,3,3,4,0,0,3,3.4,2.5,2.85,3.5,2.5,2.75,3.3,2.4,2.87,3.5,2.5,3.03,3.48,2.48,3,3,2.5,3,3.3,2.38,2.9,3.5,2.5,47,3.05,2.93,3.55,3.35,2.51,2.43,46,1.91,1.81,2.08,1.98,25,0,2.23,2.13,1.79,1.74
E0,13/09/14,Chelsea,Swansea,4,2,H,1,1,D,K Friend,29,11,9,2,12,11,7,4,0,3,0,0,1.3,5.75,12,1.3,5,9.5,1.3,5,9,1.28,5.5,12,1.32,5.62,12.04,1.3,5,11,1.3,5.5,9.5,1.3,5.5,12,46,1.33,1.3,6,5.41,12.5,10.78,44,1.82,1.73,2.18,2.09,28,-1.5,2.03,1.96,1.98,1.9
E0,13/09/14,Crystal Palace,Burnley,0,0,D,0,0,D,M Dean,14,11,3,3,12,10,5,5,2,3,0,0,2.25,3.3,3.6,2.25,3.2,3.2,2,3.3,3.6,2.1,3.3,3.8,2.23,3.35,3.66,2.25,3.1,3.4,2.2,3.25,3.4,2.25,3.2,3.7,46,2.3,2.19,3.35,3.24,3.8,3.5,43,2.42,2.29,1.68,1.61,24,-0.25,1.93,1.88,2.05,1.99
E0,13/09/14,Liverpool,Aston Villa,0,1,A,0,1,A,L Mason,18,5,1,1,9,10,7,6,2,1,0,0,1.3,6,11,1.3,5.5,11,1.27,5.2,10,1.3,5.5,11,1.3,5.92,11.85,1.3,5,11,1.29,5.5,9.5,1.3,6,11.5,45,1.33,1.29,6,5.58,12,10.79,37,1.59,1.53,2.58,2.42,26,-1.5,1.88,1.82,2.1,2.04
E0,13/09/14,Southampton,Newcastle,4,0,H,2,0,H,C Foy,10,9,7,4,15,7,5,5,0,2,0,0,1.8,3.75,5,1.83,3.3,4.5,1.9,3.45,3.8,1.83,3.6,4.5,1.79,3.78,5.06,1.83,3.2,5,1.73,3.6,4.8,1.83,3.6,5,47,1.9,1.78,3.8,3.6,5.1,4.78,45,2.1,2.02,1.87,1.78,24,-0.75,2.06,2.01,1.9,1.86
E0,13/09/14,Stoke,Leicester,0,1,A,0,0,D,M Oliver,24,8,4,1,8,15,13,3,3,0,0,0,2.1,3.4,4,2.15,3.4,3.25,2,3.3,3.6,2.05,3.3,4,2.1,3.35,4.07,2.15,3.1,3.6,2.1,3.2,3.75,2.15,3.25,4,47,2.16,2.09,3.4,3.24,4.07,3.8,42,2.45,2.31,1.66,1.6,23,-0.25,1.83,1.78,2.17,2.1
E0,13/09/14,Sunderland,Tottenham,2,2,D,1,1,D,C Pawson,6,15,1,6,10,13,5,5,5,1,0,0,3.6,3.5,2.15,3.4,3.2,2.15,3.6,3.3,2,3.6,3.5,2.1,3.71,3.5,2.15,3.4,3.3,2.15,3.5,3.4,2.1,3.75,3.4,2.15,46,3.84,3.59,3.55,3.37,2.2,2.11,45,2.09,1.97,1.9,1.82,23,0.5,1.82,1.78,2.15,2.1
E0,13/09/14,West Brom,Everton,0,2,A,0,1,A,A Taylor,11,11,1,4,12,8,9,1,2,3,0,0,3.5,3.5,2.2,3.3,3.2,2.2,3.2,3.2,2.2,3.6,3.4,2.1,3.57,3.48,2.21,3.4,3.2,2.2,3.4,3.4,2.1,3.6,3.5,2.15,46,3.74,3.45,3.5,3.37,2.21,2.15,45,1.96,1.88,2,1.91,24,0.25,2.06,2.02,1.9,1.85
E0,14/09/14,Man United,QPR,4,0,H,3,0,H,P Dowd,19,9,9,2,11,8,3,1,1,0,0,0,1.29,6.25,12,1.33,5,11.5,1.27,5.2,10,1.3,5.5,11,1.27,6.33,13.29,1.3,5,11,1.25,5.5,11,1.29,5.75,13,46,1.33,1.27,6.33,5.72,13.29,11.51,43,1.7,1.64,2.38,2.23,26,-1.5,1.85,1.8,2.14,2.06
E0,15/09/14,Hull,West Ham,2,2,D,1,0,H,M Atkinson,11,16,6,4,12,7,3,10,3,1,0,0,2.15,3.4,3.75,2.25,3.3,3.4,2.3,3.3,2.9,2.15,3.3,3.6,2.15,3.33,3.91,2.2,3.1,3.5,2.1,3.25,3.6,2.15,3.3,3.9,44,2.31,2.13,3.4,3.28,4,3.63,41,2.45,2.33,1.67,1.58,22,-0.25,1.85,1.81,2.15,2.07
E0,20/09/14,Aston Villa,Arsenal,0,3,A,0,3,A,M Jones,6,9,2,3,11,9,5,5,1,3,0,0,4.75,3.6,1.85,4.2,3.4,1.85,4,3.45,1.85,4.5,3.75,1.8,4.71,3.63,1.88,4.5,3.4,1.83,,,,4.6,3.7,1.87,48,5,4.6,3.8,3.53,1.88,1.82,47,2.08,1.98,1.95,1.81,25,0.5,2.11,2.04,1.88,1.82
E0,20/09/14,Burnley,Sunderland,0,0,D,0,0,D,A Taylor,17,14,6,6,14,14,5,1,1,2,0,0,2.5,3.3,3.1,2.6,3.25,2.9,2.6,3.1,2.7,2.55,3.2,2.9,2.49,3.36,3.12,2.5,3.2,2.8,,,,2.55,3.2,3.12,48,2.61,2.5,3.36,3.2,3.2,2.96,43,2.32,2.25,1.71,1.63,26,0,1.8,1.75,2.21,2.12
E0,20/09/14,Newcastle,Hull,2,2,D,0,0,D,N Swarbrick,25,10,7,3,11,11,4,2,4,2,0,0,2.2,3.3,3.75,2.25,3.25,3.5,2.15,3.3,3.2,2.15,3.4,3.6,2.14,3.4,3.86,2.2,3.2,3.4,,,,2.2,3.3,3.75,48,2.27,2.14,3.4,3.29,3.86,3.59,45,2.26,2.18,1.75,1.67,24,-0.25,1.92,1.84,2.11,2.04
E0,20/09/14,QPR,Stoke,2,2,D,1,1,D,M Atkinson,21,8,5,4,6,15,10,1,2,4,0,0,2.8,3.25,2.8,2.8,3.1,2.8,2.6,3.1,2.7,2.7,3.2,2.8,,,,2.7,3,2.8,,,,2.88,3.1,2.8,48,2.88,2.74,3.25,3.11,2.88,2.76,42,2.58,2.44,1.59,1.54,29,0,1.98,1.92,1.97,1.93
E0,20/09/14,Swansea,Southampton,0,1,A,0,0,D,J Moss,5,11,2,4,11,15,2,4,0,4,1,0,2.5,3.3,3.1,2.6,3.25,2.9,2.4,3.3,2.75,2.37,3.4,3,2.46,3.34,3.18,2.5,3.25,2.8,,,,2.5,3.3,3.1,48,2.61,2.45,3.4,3.29,3.18,2.97,46,2.11,2.02,1.88,1.79,26,0,1.76,1.73,2.24,2.15
E0,20/09/14,West Ham,Liverpool,3,1,H,2,1,H,C Pawson,13,11,7,5,16,11,7,5,4,1,0,0,4.5,3.8,1.85,4.25,3.8,1.85,4.3,3.6,1.75,4.33,3.8,1.8,4.56,3.89,1.84,4.5,3.3,1.85,,,,4.4,3.9,1.85,47,4.7,4.38,4,3.78,1.86,1.8,43,1.68,1.62,2.46,2.26,24,0.75,1.89,1.85,2.07,2.02
E0,21/09/14,Everton,Crystal Palace,2,3,A,1,1,D,M Oliver,17,10,6,3,8,13,7,1,2,2,0,0,1.4,5,9,1.42,4.1,8.25,1.45,4,7,1.44,4.5,7,1.39,5.09,9.52,1.4,4.5,8,,,,1.4,5,9.5,46,1.45,1.39,5.2,4.68,9.52,8.48,44,1.78,1.71,2.28,2.1,25,-1,1.68,1.62,2.45,2.32
E0,21/09/14,Leicester,Man United,5,3,H,1,2,A,M Clattenburg,15,16,5,5,11,9,2,4,1,1,0,1,5.5,4.2,1.67,4.75,3.8,1.67,5.6,3.9,1.55,5,4,1.66,5.64,4.23,1.65,5.5,3.5,1.67,,,,5.75,4,1.67,48,6,5.39,4.33,3.98,1.67,1.64,46,1.76,1.69,2.32,2.15,27,1,1.82,1.75,2.2,2.12
E0,21/09/14,Man City,Chelsea,1,1,D,0,0,D,M Dean,16,6,4,2,16,12,14,2,3,4,1,0,2.38,3.5,3.1,2.4,3.4,3,2.4,3.3,2.75,2.37,3.4,3,2.39,3.56,3.12,2.4,3.1,3.1,,,,2.5,3.5,3.1,46,2.46,2.37,3.55,3.39,3.16,2.99,44,1.86,1.78,2.14,2.02,24,0,1.72,1.69,2.3,2.18
E0,21/09/14,Tottenham,West Brom,0,1,A,0,0,D,K Friend,7,10,1,4,12,7,9,7,2,2,0,0,1.53,4.33,7,1.53,4,6,1.5,4,6.1,1.53,4.33,6,1.53,4.39,7.25,1.53,3.75,7,,,,1.53,4.33,7,46,1.54,1.5,4.6,4.2,7.4,6.84,44,1.81,1.72,2.2,2.09,28,-1,1.89,1.85,2.08,2.01
E0,27/09/14,Arsenal,Tottenham,1,1,D,0,0,D,M Oliver,16,6,6,4,7,16,15,5,3,6,0,0,1.75,3.9,5,1.8,3.6,4.75,1.8,3.5,4.2,1.8,3.8,4.5,1.8,3.86,4.87,1.8,3.5,4.5,,,,1.8,3.9,4.8,47,1.81,1.77,4,3.72,5.1,4.65,45,1.81,1.74,2.25,2.08,25,-0.75,2.04,1.98,1.93,1.89
E0,27/09/14,Chelsea,Aston Villa,3,0,H,1,0,H,P Dowd,17,7,8,1,11,9,9,2,2,2,0,0,1.22,7,16,1.25,5.5,11,1.25,5.5,10.3,1.22,6.5,16,1.22,7.05,16.5,1.25,5.5,12,,,,1.22,7,17,47,1.26,1.21,7.2,6.5,17,14.22,38,1.66,1.59,2.45,2.31,29,-2,2.12,2.04,1.91,1.82
E0,27/09/14,Crystal Palace,Leicester,2,0,H,0,0,D,K Stroud,16,7,6,1,14,9,6,6,0,2,0,0,2.63,3.4,2.88,2.65,3.1,2.7,2.5,3.2,2.75,2.5,3.4,2.87,2.64,3.37,2.9,2.7,3.1,2.7,,,,2.6,3.4,2.9,47,2.72,2.6,3.4,3.27,2.94,2.79,45,2.14,2.03,1.85,1.77,28,0,1.92,1.86,2.04,2
E0,27/09/14,Hull,Man City,2,4,A,2,2,D,A Taylor,10,20,5,6,10,6,3,8,0,2,0,0,6.5,4.2,1.57,5.75,3.8,1.57,5.5,3.8,1.57,6,4.2,1.57,6.79,4.32,1.56,6.5,3.6,1.57,,,,6.5,4.2,1.57,47,7,6.34,4.33,4.03,1.61,1.55,46,1.91,1.81,2.08,1.98,29,1,1.98,1.91,2,1.95
E0,27/09/14,Liverpool,Everton,1,1,D,0,0,D,M Atkinson,24,11,8,5,8,9,8,2,2,1,0,0,1.91,3.75,4.33,1.95,3.6,4,1.8,3.5,4.2,1.85,3.8,4.2,1.96,3.81,4.04,1.91,3.4,4,,,,1.92,3.8,4.1,46,2.01,1.91,3.8,3.63,4.33,4,38,1.63,1.58,2.48,2.33,24,-0.5,2,1.93,1.98,1.94
E0,27/09/14,Man United,West Ham,2,1,H,2,1,H,L Mason,8,13,3,4,10,12,7,10,1,3,1,0,1.4,5.5,8,1.4,4.6,7.25,1.35,4.8,7.6,1.36,5.2,8,1.39,5.44,8.41,1.4,4.5,8,,,,1.4,5.4,8,47,1.43,1.38,5.5,5.08,9.5,7.84,38,1.5,1.46,2.88,2.65,27,-1.5,2.12,2.06,1.87,1.81
E0,27/09/14,Southampton,QPR,2,1,H,0,0,D,M Clattenburg,19,10,9,2,12,11,6,3,2,1,0,0,1.44,4.6,8.5,1.45,4.2,7,1.5,4,6.1,1.47,4.33,7,1.47,4.63,8.14,1.44,4,8,,,,1.45,4.6,8.5,47,1.51,1.44,4.8,4.42,8.9,7.77,46,1.91,1.83,2.08,1.96,26,-1,1.77,1.7,2.28,2.19
E0,27/09/14,Sunderland,Swansea,0,0,D,0,0,D,C Foy,15,7,3,1,13,15,10,1,2,1,0,1,2.9,3.3,2.63,2.8,3.2,2.7,2.6,3.1,2.7,2.6,3.25,2.75,2.96,3.23,2.69,2.7,3.1,2.7,,,,3,3.1,2.7,47,3,2.79,3.3,3.21,2.77,2.62,45,2.28,2.15,1.76,1.69,28,0,2.09,2.01,1.92,1.85
E0,28/09/14,West Brom,Burnley,4,0,H,2,0,H,J Moss,20,10,6,2,7,9,10,2,1,2,0,0,2,3.5,4.2,2,3.4,4,1.9,3.45,3.8,2,3.4,4,2.01,3.46,4.29,2,3.2,4,,,,2,3.4,4.33,47,2.04,1.98,3.5,3.37,4.35,4.02,44,2.27,2.14,1.76,1.7,25,-0.5,2.02,1.97,1.93,1.9
E0,29/09/14,Stoke,Newcastle,1,0,H,1,0,H,C Pawson,12,16,3,1,20,15,2,10,1,2,0,0,2.15,3.4,3.8,2.15,3.3,3.7,2.1,3.2,3.4,2.15,3.3,3.6,2.13,3.42,3.86,2.15,3.2,3.5,,,,2.15,3.3,3.9,47,2.16,2.1,3.45,3.32,3.9,3.64,45,2.31,2.19,1.72,1.66,23,-0.25,1.84,1.8,2.15,2.07
E0,04/10/14,Aston Villa,Man City,0,2,A,0,0,D,C Foy,6,27,1,7,4,6,0,7,0,1,0,0,7.5,4.5,1.5,6.75,4.2,1.53,5.6,3.9,1.55,6.5,4.33,1.5,8.05,4.57,1.48,7,3.75,1.53,,,,8,4.5,1.5,45,8.05,7.25,4.57,4.2,1.55,1.48,43,1.83,1.73,2.2,2.08,26,1,2.17,2.1,1.83,1.77
E0,04/10/14,Hull,Crystal Palace,2,0,H,0,0,D,M Dean,15,11,2,2,6,14,6,7,1,2,0,0,2.1,3.5,3.8,2.1,3.2,3.6,2.2,3.3,3.1,2.05,3.4,4,2.12,3.44,3.89,2.1,3.1,3.8,,,,2.1,3.4,3.9,45,2.2,2.07,3.52,3.34,4,3.72,43,2.17,2.1,1.81,1.71,23,-0.5,2.12,2.06,1.84,1.81
E0,04/10/14,Leicester,Burnley,2,2,D,2,1,H,P Dowd,15,10,6,4,16,12,9,3,2,2,0,0,1.8,3.75,5,1.8,3.4,4.5,1.75,3.5,4.5,1.8,3.6,5,1.79,3.72,5.16,1.8,3.25,5,,,,1.8,3.7,5,44,1.82,1.78,3.75,3.57,5.19,4.8,44,2.13,2.01,1.85,1.78,24,-1,2.55,2.46,1.63,1.57
E0,04/10/14,Liverpool,West Brom,2,1,H,1,0,H,M Oliver,19,8,7,4,12,15,5,5,2,2,0,0,1.44,5,7.5,1.44,4.33,7,1.45,4,7,1.45,4.75,7,1.46,4.78,7.95,1.44,4.33,7,,,,1.45,4.8,8,44,1.46,1.43,5,4.63,8.2,7.36,36,1.68,1.6,2.41,2.29,25,-1.5,2.28,2.19,1.77,1.71
E0,04/10/14,Sunderland,Stoke,3,1,H,2,1,H,N Swarbrick,8,11,3,5,10,17,7,4,3,4,0,0,2.55,3.25,3.1,2.6,3,2.85,2.4,3.15,2.9,2.45,3.2,3.1,2.55,3.23,3.14,2.6,3,2.9,,,,2.55,3.12,3.2,45,2.6,2.5,3.3,3.17,3.2,2.97,36,2.54,2.4,1.61,1.54,26,0,1.77,1.74,2.21,2.14
E0,04/10/14,Swansea,Newcastle,2,2,D,1,1,D,L Mason,11,9,5,4,11,15,3,1,1,3,0,0,1.91,3.7,4.33,1.91,3.4,4,1.75,3.5,4.5,1.9,3.5,4.33,1.92,3.65,4.44,1.91,3.3,4.2,,,,1.92,3.6,4.4,45,1.93,1.87,3.75,3.52,4.7,4.31,44,2.08,1.96,1.9,1.82,23,-0.5,1.92,1.87,2.04,2
E0,05/10/14,Chelsea,Arsenal,2,0,H,1,0,H,M Atkinson,5,10,3,0,14,10,2,2,4,3,0,0,1.67,4.2,5.25,1.72,3.75,5.25,1.67,3.6,5,1.66,4,5,1.67,4.1,5.64,1.67,3.6,5.5,,,,1.67,4.1,5.5,44,1.7,1.66,4.2,3.83,6,5.4,41,1.83,1.75,2.15,2.06,25,-1,2.22,2.14,1.79,1.74
E0,05/10/14,Man United,Everton,2,1,H,1,0,H,K Friend,15,10,4,6,18,11,11,6,4,3,0,0,1.67,4.2,5.25,1.67,4,5.25,1.7,3.6,4.7,1.66,4,5.25,1.66,4.19,5.62,1.67,3.6,5.5,,,,1.67,4.2,5.4,44,1.7,1.65,4.3,3.9,5.8,5.26,35,1.63,1.57,2.48,2.36,26,-1,2.13,2.07,1.86,1.79
E0,05/10/14,Tottenham,Southampton,1,0,H,1,0,H,M Jones,9,7,4,3,15,9,10,5,2,1,0,0,2.2,3.5,3.5,2.2,3.5,3.3,2.1,3.3,3.3,2.1,3.4,3.6,2.16,3.45,3.73,2.25,3.1,3.4,,,,2.2,3.5,3.5,44,2.25,2.15,3.55,3.36,3.71,3.47,42,2,1.9,2,1.88,22,-0.25,1.88,1.84,2.08,2.03
E0,05/10/14,West Ham,QPR,2,0,H,1,0,H,A Taylor,11,10,3,3,10,11,7,5,2,2,0,0,1.91,3.6,4.5,1.95,3.4,4.25,1.9,3.45,3.8,1.9,3.5,4.33,1.91,3.61,4.56,1.95,3.3,4,,,,1.95,3.5,4.4,44,1.95,1.9,3.61,3.48,4.56,4.23,42,2.05,1.97,1.9,1.81,22,-0.5,1.93,1.89,2.03,1.98
E0,18/10/14,Arsenal,Hull,2,2,D,1,1,D,R East,25,4,9,4,9,13,10,0,2,2,0,0,1.4,5,9,1.44,4.33,7,1.35,4.8,7.6,1.44,4.5,8,1.44,4.87,8.39,1.44,4,8,,,,1.4,5,8.5,46,1.45,1.41,5,4.67,9.2,8.03,42,1.7,1.64,2.36,2.24,25,-1.5,2.26,2.16,1.78,1.72
E0,18/10/14,Burnley,West Ham,1,3,A,0,0,D,K Friend,17,22,3,6,3,10,5,7,0,1,0,0,2.8,3.4,2.7,2.8,3.2,2.7,2.6,3.2,2.6,2.75,3.3,2.75,2.83,3.37,2.7,2.8,3,2.7,,,,2.88,3.3,2.7,46,2.88,2.75,3.45,3.29,2.75,2.63,45,2.12,2.01,1.86,1.79,27,0,2.04,1.98,1.92,1.87
E0,18/10/14,Crystal Palace,Chelsea,1,2,A,0,1,A,C Pawson,7,14,4,5,13,7,3,2,1,1,1,1,8.5,4.75,1.44,7,4.25,1.44,7.3,4.4,1.4,8.5,4.75,1.4,8.5,4.68,1.45,8,4,1.44,,,,8.5,4.6,1.45,46,8.9,7.96,4.9,4.51,1.46,1.43,44,1.85,1.77,2.11,2.03,24,1.5,1.74,1.66,2.38,2.27
E0,18/10/14,Everton,Aston Villa,3,0,H,1,0,H,A Taylor,15,10,6,2,11,16,3,4,2,2,0,0,1.6,4,6.5,1.62,3.7,5.5,1.65,3.6,5.1,1.61,4,5.5,1.56,4.29,6.76,1.62,3.6,6,,,,1.62,4,6.5,46,1.65,1.58,4.29,3.96,6.76,6.2,43,1.85,1.77,2.12,2.03,28,-1,2.04,1.99,1.94,1.88
E0,18/10/14,Man City,Tottenham,4,1,H,2,1,H,J Moss,20,19,12,7,11,9,3,4,1,2,0,1,1.45,4.75,8,1.5,4.33,7,1.45,4,7,1.5,4.5,6.5,1.47,4.79,7.77,1.5,4,7,,,,1.5,4.6,7,46,1.5,1.46,4.8,4.49,8.2,7.29,39,1.67,1.6,2.4,2.29,24,-1,1.75,1.71,2.28,2.19
E0,18/10/14,Newcastle,Leicester,1,0,H,0,0,D,M Atkinson,19,7,6,2,13,15,10,7,0,3,0,0,2.25,3.6,3.3,2.2,3.3,3.25,2.1,3.3,3.3,2.15,3.4,3.5,2.25,3.59,3.31,2.2,3.1,3.5,,,,2.25,3.6,3.3,46,2.28,2.19,3.65,3.45,3.5,3.31,43,1.83,1.73,2.24,2.09,25,-0.25,1.96,1.91,2.02,1.95
E0,18/10/14,Southampton,Sunderland,8,0,H,3,0,H,A Marriner,20,12,11,1,11,8,5,6,1,3,0,0,1.57,4,7,1.62,3.75,5.25,1.65,3.6,5.1,1.61,3.8,6,1.59,4.12,6.79,1.62,3.4,6.5,,,,1.62,4,6.5,46,1.65,1.57,4.15,3.88,7.2,6.56,45,2.1,1.97,1.89,1.82,28,-1,2.02,1.96,1.96,1.9
E0,19/10/14,QPR,Liverpool,2,3,A,0,0,D,P Dowd,15,15,6,5,10,15,7,2,2,3,0,0,6,4.2,1.6,5.75,4,1.62,5.1,3.6,1.65,5.5,4,1.61,6.52,4.3,1.58,6,3.6,1.62,,,,6.25,4.2,1.6,45,6.5,5.98,4.35,4.03,1.65,1.58,43,1.76,1.68,2.3,2.15,27,1,1.95,1.9,2.04,1.96
E0,19/10/14,Stoke,Swansea,2,1,H,1,1,D,M Oliver,17,13,3,5,17,7,3,5,4,1,0,0,2.5,3.3,3.1,2.5,3.25,3,2.4,3.2,2.85,2.37,3.3,3.1,2.55,3.31,3.07,2.5,3,3,,,,2.55,3.3,3,46,2.55,2.46,3.35,3.24,3.15,2.99,44,2.22,2.13,1.77,1.7,24,-0.25,2.17,2.12,1.8,1.77
E0,20/10/14,West Brom,Man United,2,2,D,1,0,H,M Dean,8,22,2,7,6,8,0,11,1,2,0,0,5,4,1.75,4.5,4.1,1.75,4.7,3.6,1.7,5,4,1.7,5.05,3.97,1.75,5,3.4,1.75,,,,5,3.9,1.75,46,5.2,4.83,4.1,3.83,1.78,1.73,44,1.82,1.73,2.2,2.07,24,1,1.71,1.66,2.35,2.26
E0,25/10/14,Liverpool,Hull,0,0,D,0,0,D,N Swarbrick,17,6,4,3,12,17,14,1,3,2,0,0,1.44,4.75,8,1.45,4.25,7,1.4,4.6,6.8,1.44,4.5,7.5,1.44,4.84,8.29,1.4,4.5,7,,,,1.45,4.75,8,44,1.47,1.43,5,4.55,9,7.75,37,1.63,1.59,2.48,2.32,25,-1.5,2.26,2.18,1.76,1.72
E0,25/10/14,Southampton,Stoke,1,0,H,1,0,H,J Moss,20,8,2,1,10,12,6,3,0,2,0,0,1.65,4,6,1.65,3.75,6,1.6,3.8,5.2,1.6,3.8,6,1.65,4.1,5.94,1.6,3.6,5.5,,,,1.62,4,6.5,45,1.65,1.6,4.18,3.88,6.5,5.99,44,2,1.92,1.96,1.87,29,-1,2.14,2.04,1.86,1.83
E0,25/10/14,Sunderland,Arsenal,0,2,A,0,1,A,K Friend,11,15,3,5,11,9,3,3,3,3,0,0,5.5,3.8,1.73,5.25,3.7,1.72,4.9,3.7,1.65,5,3.75,1.7,5.21,3.95,1.74,4.8,3.75,1.65,,,,5.4,3.8,1.73,45,5.5,5.05,3.95,3.7,1.79,1.72,44,1.96,1.87,2.03,1.93,25,1,1.71,1.65,2.4,2.31
E0,25/10/14,Swansea,Leicester,2,0,H,1,0,H,M Jones,7,9,3,4,7,10,2,2,0,0,0,0,1.95,3.7,4.2,1.95,3.6,4,1.85,3.45,4,1.95,3.5,4,1.92,3.72,4.37,1.95,3.5,3.6,,,,1.91,3.7,4.33,45,1.95,1.9,3.75,3.53,4.4,4.13,44,1.91,1.82,2.08,1.99,26,-0.5,1.92,1.89,2.03,1.99
E0,25/10/14,West Brom,Crystal Palace,2,2,D,0,2,A,M Clattenburg,17,8,4,6,14,8,6,3,3,1,0,0,1.91,3.6,4.5,1.91,3.4,4,1.9,3.45,3.8,1.9,3.4,4,1.89,3.62,4.65,1.85,3.3,4.2,,,,1.87,3.6,4.75,45,1.94,1.88,3.65,3.46,4.75,4.37,44,2.14,2.03,1.84,1.78,25,-0.5,1.91,1.87,2.07,2
E0,25/10/14,West Ham,Man City,2,1,H,1,0,H,M Atkinson,12,21,4,5,12,14,4,8,2,1,0,0,6.5,4.5,1.55,6,4.2,1.57,5.6,3.9,1.55,5.5,4.33,1.55,6.66,4.71,1.52,5.5,4,1.55,,,,6.5,4.5,1.53,45,6.7,6.07,4.75,4.34,1.57,1.53,37,1.58,1.54,2.62,2.41,29,1,2.08,2.02,1.89,1.84
E0,26/10/14,Burnley,Everton,1,3,A,1,2,A,A Marriner,14,15,3,6,12,7,5,4,4,2,0,0,4.75,3.75,1.83,4.6,3.6,1.85,4.2,3.5,1.8,4.33,3.6,1.83,4.49,3.81,1.87,4.33,3.6,1.75,,,,4.6,3.75,1.85,45,4.8,4.46,3.81,3.56,1.88,1.83,44,1.95,1.89,2.02,1.91,24,0.5,2.08,2.03,1.88,1.83
E0,26/10/14,Man United,Chelsea,1,1,D,0,0,D,P Dowd,19,9,7,4,13,14,4,7,3,5,0,1,2.88,3.6,2.5,2.75,3.5,2.55,2.6,3.2,2.6,2.8,3.4,2.4,2.92,3.5,2.55,2.88,3.3,2.4,,,,2.9,3.5,2.5,45,3,2.84,3.6,3.38,2.6,2.48,44,1.93,1.85,2.1,1.95,28,0,2.12,2.04,1.87,1.81
E0,26/10/14,Tottenham,Newcastle,1,2,A,1,0,H,A Taylor,17,8,2,2,9,12,10,2,2,4,0,0,1.75,3.9,5,1.8,3.75,4.6,1.7,3.6,4.7,1.7,3.8,5,1.76,3.93,5.03,1.7,3.75,4.4,,,,1.75,3.9,5,45,1.8,1.74,3.95,3.74,5.2,4.78,43,1.81,1.74,2.22,2.08,25,-0.75,2.02,1.97,1.93,1.9
E0,27/10/14,QPR,Aston Villa,2,0,H,1,0,H,L Mason,11,15,4,6,11,14,2,4,0,2,0,0,2.38,3.25,3.4,2.4,3.3,3.1,2.3,3.3,2.9,2.4,3.2,3,2.33,3.32,3.45,2.3,3.1,3.1,,,,2.38,3.25,3.4,43,2.4,2.33,3.32,3.2,3.45,3.23,41,2.4,2.27,1.7,1.62,23,-0.25,2.03,1.99,1.94,1.89
E0,01/11/14,Arsenal,Burnley,3,0,H,0,0,D,C Pawson,32,6,13,2,5,9,18,1,0,1,0,0,1.25,6.5,14,1.28,5.5,9.5,1.3,5,9,1.25,6,13,1.28,6.21,13.23,1.29,5,12,,,,1.29,6,12,46,1.3,1.27,6.5,5.81,14,11.61,40,1.6,1.55,2.68,2.42,28,-1.5,1.88,1.81,2.15,2.05
E0,01/11/14,Chelsea,QPR,2,1,H,1,0,H,M Jones,18,7,8,1,8,12,13,2,0,0,0,0,1.17,8.5,21,1.18,6.25,15,1.17,6.5,14,1.18,7.5,19,1.19,7.8,19.99,1.17,6.5,19,,,,1.18,8,19,46,1.19,1.17,8.61,7.6,21,16.97,38,1.53,1.48,2.9,2.58,28,-2,1.93,1.87,2.1,1.99
E0,01/11/14,Everton,Swansea,0,0,D,0,0,D,K Friend,17,8,3,0,10,15,11,0,2,3,0,1,1.75,3.8,5.25,1.75,3.6,4.5,1.72,3.6,4.6,1.75,3.8,5,1.74,3.85,5.39,1.75,3.25,5.5,,,,1.73,3.8,5.4,46,1.76,1.72,3.9,3.64,5.5,5.15,44,1.88,1.78,2.12,2.02,25,-1,2.39,2.28,1.7,1.66
E0,01/11/14,Hull,Southampton,0,1,A,0,1,A,M Atkinson,8,10,1,3,6,9,7,4,1,0,0,0,3.8,3.6,2.05,3.6,3.3,2.05,3.3,3.3,2.1,3.8,3.5,2.05,4.01,3.61,2.03,3.75,3.1,2.1,,,,4.1,3.6,2,46,4.1,3.85,3.6,3.42,2.1,2.01,45,2.08,1.98,1.88,1.82,25,0.5,1.93,1.87,2.04,2
E0,01/11/14,Leicester,West Brom,0,1,A,0,0,D,S Attwell,14,8,5,3,5,12,8,3,0,1,0,0,2.3,3.5,3.3,2.3,3.3,3,2.2,3.3,3.1,2.25,3.4,3.4,2.35,3.46,3.27,2.38,3.2,3.1,,,,2.38,3.5,3.2,46,2.38,2.27,3.5,3.37,3.4,3.2,45,1.95,1.85,2.01,1.94,25,-0.25,2.01,1.97,1.95,1.9
E0,01/11/14,Newcastle,Liverpool,1,0,H,0,0,D,A Marriner,14,6,3,3,13,8,7,2,4,3,0,0,3.8,3.75,2,3.75,3.5,2.05,3.6,3.3,2,3.75,3.6,2.05,3.77,3.74,2.05,3.8,3.2,2.05,,,,3.8,3.6,2.05,45,3.85,3.72,3.75,3.54,2.08,2.01,43,1.84,1.75,2.2,2.07,24,0.5,1.91,1.87,2.05,2
E0,01/11/14,Stoke,West Ham,2,2,D,1,0,H,C Foy,21,10,6,2,14,13,9,2,1,1,0,0,2.38,3.4,3.25,2.4,3.2,2.95,2.25,3.2,3.1,2.4,3.4,3.1,2.42,3.37,3.22,2.4,3.1,3.1,,,,2.4,3.4,3.2,46,2.45,2.36,3.5,3.29,3.25,3.12,44,2.19,2.05,1.82,1.76,25,0,1.72,1.68,2.31,2.23
E0,02/11/14,Aston Villa,Tottenham,1,2,A,1,0,H,N Swarbrick,12,18,1,7,12,11,3,9,3,3,1,0,3.75,3.6,2.1,3.6,3.5,2.1,3.3,3.3,2.1,3.6,3.5,2.1,3.89,3.53,2.08,3.8,3.1,2.1,,,,3.9,3.4,2.1,46,3.9,3.72,3.6,3.4,2.1,2.05,44,2.1,2,1.94,1.81,25,0.5,1.89,1.84,2.09,2.03
E0,02/11/14,Man City,Man United,1,0,H,0,0,D,M Oliver,16,9,6,2,15,9,7,4,3,1,0,1,1.91,3.75,4.33,1.91,3.75,4,1.9,3.3,4,1.95,3.75,3.8,1.9,3.81,4.33,1.91,3.3,4.2,,,,1.95,3.8,4,46,1.95,1.88,3.95,3.65,4.33,4.07,40,1.65,1.6,2.54,2.32,25,-0.5,1.92,1.89,2.04,1.98
E0,03/11/14,Crystal Palace,Sunderland,1,3,A,0,1,A,P Dowd,9,8,1,7,12,19,11,2,0,3,1,0,2.1,3.5,3.8,2.1,3.4,3.7,2.1,3.3,3.3,2.15,3.4,3.6,2.08,3.48,3.96,2.15,3.1,3.6,,,,2.1,3.4,4,46,2.15,2.07,3.5,3.35,4,3.73,44,2.17,2.09,1.81,1.73,25,-0.5,2.08,2.06,1.86,1.82
E0,08/11/14,Burnley,Hull,1,0,H,0,0,D,M Clattenburg,14,12,3,1,17,17,7,1,6,4,0,0,2.5,3.4,3,2.5,3.2,2.8,2.6,3.2,2.6,2.5,3.3,2.9,2.52,3.36,3.07,2.6,3,2.9,,,,2.6,3.25,3,44,2.6,2.49,3.4,3.28,3.1,2.91,43,2.2,2.1,1.8,1.73,24,-0.25,2.16,2.1,1.83,1.78
E0,08/11/14,Liverpool,Chelsea,1,2,A,1,1,D,A Taylor,12,15,4,5,9,12,5,7,2,5,0,0,3.4,3.4,2.3,3.1,3.25,2.3,3.2,3.2,2.2,3.25,3.4,2.3,3.36,3.46,2.31,3.4,3,2.3,,,,3.3,3.5,2.3,43,3.5,3.27,3.5,3.32,2.34,2.26,43,1.98,1.91,1.97,1.89,25,0.25,1.97,1.92,2.01,1.95
E0,08/11/14,Man United,Crystal Palace,1,0,H,0,0,D,C Foy,23,6,5,1,8,12,11,4,1,3,0,0,1.3,6,11,1.32,5.5,7.6,1.35,4.8,7.6,1.33,5.5,9.5,1.3,5.87,12,1.33,4.8,10,,,,1.3,6,11.5,44,1.35,1.3,6,5.53,12.1,10.42,38,1.6,1.54,2.58,2.44,29,-1.5,1.89,1.83,2.1,2.04
E0,08/11/14,QPR,Man City,2,2,D,1,1,D,M Dean,17,23,4,6,9,10,7,7,4,2,0,0,7,4.75,1.5,6,4.2,1.5,7,4,1.45,6,4.33,1.53,7.14,4.73,1.5,7,4,1.5,,,,7,4.6,1.5,44,7.6,6.74,4.9,4.5,1.53,1.47,37,1.64,1.56,2.53,2.39,26,1,2.25,2.15,1.79,1.74
E0,08/11/14,Southampton,Leicester,2,0,H,0,0,D,M Oliver,18,5,6,0,10,12,13,4,2,2,0,0,1.44,4.75,8,1.44,4.5,6.5,1.5,4,6.1,1.44,4.5,7.5,1.44,4.83,8.54,1.44,4,8,,,,1.4,4.75,9,44,1.5,1.43,4.9,4.5,9,7.92,40,1.75,1.69,2.25,2.15,25,-1.25,2.02,1.96,1.97,1.91
E0,08/11/14,West Ham,Aston Villa,0,0,D,0,0,D,J Moss,21,12,5,4,9,10,13,2,0,3,0,0,1.75,3.75,5.5,1.75,3.6,4.6,1.75,3.5,4.5,1.75,3.6,5,1.75,3.73,5.52,1.75,3.4,5,,,,1.75,3.75,5.4,44,1.76,1.72,3.88,3.64,5.6,5.19,44,2.04,1.94,1.92,1.86,25,-0.75,1.96,1.92,2.01,1.96
E0,09/11/14,Sunderland,Everton,1,1,D,0,0,D,L Mason,10,16,3,7,11,13,5,4,1,2,0,0,4,3.5,2.05,3.6,3.3,2.05,3.6,3.3,2,3.6,3.5,2.05,4.07,3.48,2.05,3.8,3.2,2.05,,,,4,3.5,2.05,43,4.1,3.82,3.55,3.4,2.09,2.02,44,2,1.92,1.95,1.88,25,0.5,1.9,1.86,2.09,2.01
E0,09/11/14,Swansea,Arsenal,2,1,H,0,0,D,P Dowd,11,12,5,4,10,16,6,10,5,5,0,0,3.75,3.5,2.1,3.3,3.3,2.15,3.3,3.3,2.1,3.6,3.5,2.05,3.59,3.5,2.19,3.5,3.1,2.2,,,,3.6,3.4,2.2,44,3.75,3.5,3.55,3.36,2.22,2.14,43,2.02,1.92,1.95,1.87,24,0.25,2.07,2.02,1.92,1.86
E0,09/11/14,Tottenham,Stoke,1,2,A,0,2,A,M Jones,14,11,4,4,20,13,5,5,3,2,1,0,1.7,4,5.5,1.7,3.6,5,1.6,3.7,5.4,1.66,3.75,5.5,1.69,3.91,5.81,1.7,3.4,5.5,,,,1.7,3.8,5.75,44,1.73,1.67,4,3.72,6,5.48,44,2.08,1.96,1.91,1.83,25,-1,2.3,2.2,1.75,1.7
E0,09/11/14,West Brom,Newcastle,0,2,A,0,1,A,C Pawson,10,8,2,3,12,6,7,4,0,0,0,0,2.3,3.5,3.3,2.3,3.3,3,2.4,3.2,2.85,2.3,3.4,3.1,2.26,3.45,3.47,2.3,3.1,3.3,,,,2.25,3.4,3.5,44,2.4,2.26,3.5,3.34,3.5,3.26,44,2.1,1.99,1.9,1.81,25,-0.25,1.97,1.93,2,1.94
E0,22/11/14,Arsenal,Man United,1,2,A,0,0,D,M Dean,23,12,9,2,12,8,11,5,2,1,0,0,2.15,3.6,3.5,2.2,3.25,3.2,2.3,3.3,2.9,2.2,3.4,3.4,2.16,3.67,3.51,2.2,3,3.6,,,,2.15,3.5,3.6,45,2.3,2.15,3.75,3.46,3.6,3.4,42,1.77,1.71,2.24,2.13,26,-0.25,1.88,1.84,2.08,2.03
E0,22/11/14,Chelsea,West Brom,2,0,H,2,0,H,L Mason,21,5,8,1,7,9,15,0,1,0,0,1,1.25,6.5,15,1.25,5.75,10.5,1.2,6,12.5,1.22,6.5,15,1.24,6.64,15.21,1.25,5,15,,,,1.25,6.5,15,47,1.26,1.23,7,6.22,17,13.88,37,1.67,1.59,2.48,2.32,26,-1.75,2,1.93,1.98,1.94
E0,22/11/14,Everton,West Ham,2,1,H,1,0,H,M Clattenburg,14,14,4,3,10,13,1,5,2,3,0,0,1.85,3.8,4.5,1.85,3.6,4,1.75,3.5,4.5,1.83,3.75,4.33,1.85,3.82,4.59,1.91,3,4.8,,,,1.87,3.75,4.5,47,1.91,1.83,3.85,3.6,4.8,4.46,43,1.76,1.69,2.25,2.15,26,-0.5,1.86,1.83,2.1,2.05
E0,22/11/14,Leicester,Sunderland,0,0,D,0,0,D,R Madley,13,10,4,5,18,12,6,9,2,3,0,0,2.1,3.5,3.8,2.15,3.4,3.2,2.25,3.3,3,2.1,3.4,3.6,2.1,3.51,3.87,2.15,2.9,4,,,,2.15,3.4,3.75,45,2.25,2.1,3.6,3.34,4,3.69,44,2.11,2.02,1.89,1.78,26,-0.5,2.12,2.08,1.85,1.81
E0,22/11/14,Man City,Swansea,2,1,H,1,1,D,N Swarbrick,23,8,10,3,13,9,7,3,2,1,0,0,1.4,5.25,8.5,1.4,4.6,7.5,1.35,4.8,7.6,1.4,5,7.5,1.39,5.36,8.85,1.4,4.33,9,,,,1.4,5,9,47,1.43,1.37,5.5,5.01,9.5,8.24,35,1.55,1.49,2.75,2.56,28,-1.5,2.1,2.05,1.87,1.82
E0,22/11/14,Newcastle,QPR,1,0,H,0,0,D,C Foy,14,13,6,4,12,15,16,7,2,3,0,0,1.83,3.75,4.75,1.91,3.4,3.9,1.75,3.5,4.5,1.8,3.6,4.5,1.85,3.71,4.75,1.91,3.1,4.5,,,,1.83,3.7,4.8,47,1.91,1.82,3.75,3.55,4.9,4.56,44,2.02,1.91,1.95,1.89,25,-0.75,2.11,2.07,1.84,1.81
E0,22/11/14,Stoke,Burnley,1,2,A,1,2,A,M Atkinson,25,5,4,4,10,9,14,0,2,2,0,0,1.7,3.8,5.75,1.72,3.6,4.75,1.65,3.6,5.1,1.73,3.75,5,1.68,3.89,5.9,1.73,3.1,6,,,,1.73,3.75,5.5,45,1.74,1.69,3.9,3.66,6,5.49,43,2.12,2.03,1.85,1.78,26,-0.75,1.92,1.88,2.05,2
E0,23/11/14,Crystal Palace,Liverpool,3,1,H,1,1,D,J Moss,15,12,5,1,21,10,4,3,1,2,0,0,4.33,3.7,1.91,3.7,3.6,1.91,4.5,3.5,1.75,4.2,3.6,1.9,4.65,3.74,1.86,4.5,3,1.95,,,,4.4,3.6,1.9,44,4.7,4.41,3.74,3.5,1.95,1.86,43,2.05,1.96,1.92,1.84,24,0.5,2.08,2.02,1.9,1.86
E0,23/11/14,Hull,Tottenham,1,2,A,1,0,H,C Pawson,10,23,2,6,15,9,3,9,3,1,1,0,3.6,3.4,2.2,3.25,3.3,2.2,3.3,3.3,2.1,3.4,3.4,2.2,3.72,3.46,2.16,3.6,2.87,2.25,,,,3.7,3.4,2.15,45,3.72,3.48,3.5,3.33,2.25,2.16,44,2.08,2,1.89,1.81,26,0.25,2.08,2.02,1.89,1.85
E0,24/11/14,Aston Villa,Southampton,1,1,D,1,0,H,P Dowd,7,15,1,4,15,17,2,8,1,2,0,0,5.25,3.75,1.75,4.33,3.6,1.78,4.2,3.5,1.8,4.5,3.5,1.8,5.54,3.79,1.74,5,3.2,1.8,,,,5.4,3.75,1.75,43,5.54,5.02,3.8,3.59,1.8,1.74,41,2.17,2.07,1.82,1.75,24,0.75,1.96,1.91,2,1.96
E0,29/11/14,Burnley,Aston Villa,1,1,D,0,1,A,G Scott,11,18,4,7,8,8,1,5,3,4,0,0,2.15,3.4,3.75,2.2,3.2,3.25,2.1,3.3,3.3,2.2,3.25,3.3,2.15,3.38,3.85,2.2,3.1,3.5,,,,2.15,3.25,3.9,45,2.23,2.14,3.4,3.28,3.9,3.58,44,2.38,2.28,1.74,1.62,26,-0.25,1.87,1.84,2.08,2.04
E0,29/11/14,Liverpool,Stoke,1,0,H,0,0,D,C Pawson,16,13,3,4,11,9,5,5,0,3,0,0,1.73,4,5,1.75,4,4.75,1.7,3.6,4.7,1.66,4,5,1.74,3.91,5.31,1.73,3.5,5,,,,1.7,3.9,5.5,44,1.77,1.69,4,3.77,5.5,5.11,45,1.96,1.86,2,1.94,26,-0.75,1.97,1.9,2.01,1.97
E0,29/11/14,Man United,Hull,3,0,H,2,0,H,A Taylor,12,4,6,2,12,12,7,0,2,2,0,0,1.33,5.75,10,1.36,5.25,9.25,1.25,5.5,10.3,1.28,5.5,10,1.33,5.65,10.75,1.33,5,9,,,,1.33,5.5,10.5,45,1.36,1.31,6,5.36,11,9.7,39,1.65,1.58,2.56,2.34,30,-1.5,1.99,1.92,2,1.95
E0,29/11/14,QPR,Leicester,3,2,H,2,1,H,R East,32,19,6,5,8,17,11,5,3,2,0,0,2.38,3.4,3.25,2.38,3.2,3,2.2,3.3,3.1,2.25,3.4,3.2,2.32,3.41,3.38,2.38,3.1,3.2,,,,2.3,3.4,3.4,45,2.4,2.29,3.43,3.3,3.45,3.22,45,2.16,2.06,1.86,1.75,26,-0.25,2.01,1.97,1.95,1.91
E0,29/11/14,Sunderland,Chelsea,0,0,D,0,0,D,K Friend,12,24,3,6,13,10,2,8,3,2,0,0,9,5,1.4,8,5,1.4,7.3,4.4,1.4,8,4.33,1.4,10.2,5.12,1.38,8,4.5,1.4,,,,9.5,5,1.36,46,10.2,8.91,5.12,4.69,1.43,1.38,46,1.87,1.79,2.16,2.02,27,1.5,1.82,1.77,2.2,2.11
E0,29/11/14,Swansea,Crystal Palace,1,1,D,1,1,D,M Atkinson,18,11,4,5,6,12,4,6,0,2,0,0,1.8,3.75,5,1.83,3.6,4.1,1.75,3.5,4.5,1.75,3.5,4.8,1.81,3.73,5.04,1.83,3.4,4.5,,,,1.8,3.6,5.2,45,1.85,1.78,3.75,3.57,5.2,4.8,46,2.06,1.98,1.9,1.82,26,-0.75,2.07,2.02,1.88,1.85
E0,29/11/14,West Brom,Arsenal,0,1,A,0,0,D,C Foy,9,17,1,5,9,10,4,4,2,1,0,0,4.5,3.8,1.85,4.2,3.8,1.9,3.8,3.45,1.9,4.2,3.6,1.85,4.68,3.7,1.86,4.5,3.3,1.85,,,,4.6,3.75,1.85,45,4.8,4.46,3.8,3.56,1.9,1.83,46,1.96,1.86,2.05,1.94,26,0.5,2.11,2.05,1.86,1.83
E0,29/11/14,West Ham,Newcastle,1,0,H,0,0,D,M Dean,12,7,3,1,9,16,6,2,3,2,0,1,2.15,3.5,3.6,2.2,3.3,3.3,2.25,3.3,3,2.15,3.4,3.4,2.12,3.54,3.76,2.2,3.1,3.5,,,,2.15,3.5,3.7,45,2.25,2.12,3.55,3.34,3.76,3.56,46,2.06,1.98,1.94,1.82,26,-0.25,1.85,1.82,2.12,2.07
E0,30/11/14,Southampton,Man City,0,3,A,0,0,D,M Jones,13,15,4,6,10,13,8,6,1,2,0,1,3.2,3.6,2.3,3.2,3.4,2.35,3.1,3.3,2.2,3.1,3.5,2.3,3.08,3.5,2.44,3.2,3,2.38,,,,3.1,3.5,2.4,46,3.25,3.1,3.6,3.35,2.44,2.33,46,1.92,1.83,2.03,1.96,26,0.25,1.89,1.85,2.1,2.03
E0,30/11/14,Tottenham,Everton,2,1,H,2,1,H,M Oliver,13,10,6,5,15,5,3,4,5,1,0,0,2.25,3.6,3.25,2.35,3.4,3.2,2.3,3.3,2.9,2.3,3.5,3.2,2.24,3.58,3.39,2.38,3,3.2,,,,2.3,3.5,3.3,46,2.38,2.26,3.65,3.39,3.39,3.21,46,1.86,1.79,2.1,2.02,26,-0.25,2.02,1.94,2,1.93
E0,02/12/14,Burnley,Newcastle,1,1,D,1,0,H,P Dowd,12,11,2,4,12,12,2,5,2,2,0,0,2.8,3.3,2.75,2.8,3.1,2.75,2.65,3.3,2.5,2.8,3.25,2.62,2.87,3.29,2.72,2.8,3,2.75,,,,2.8,3.2,2.8,46,2.9,2.78,3.35,3.23,2.8,2.65,44,2.24,2.13,1.8,1.7,29,0,2.05,1.98,1.92,1.87
E0,02/12/14,Crystal Palace,Aston Villa,0,1,A,0,1,A,M Oliver,17,5,5,3,16,15,8,2,2,2,0,0,2.1,3.4,4,2.1,3.2,3.6,2,3.3,3.6,2.15,3.3,3.75,2.08,3.42,4.05,2.15,3.1,3.8,,,,2.15,3.25,4,48,2.15,2.06,3.45,3.32,4.2,3.86,46,2.31,2.2,1.73,1.66,28,-0.5,2.11,2.06,1.86,1.83
E0,02/12/14,Leicester,Liverpool,1,3,A,1,1,D,L Mason,20,11,4,3,11,10,7,4,1,2,1,0,3.8,3.6,2.05,3.6,3.5,2.1,3.6,3.3,2,3.75,3.6,2.05,3.8,3.58,2.09,3.75,3.1,2.1,,,,3.7,3.6,2.1,44,3.85,3.71,3.65,3.47,2.1,2.05,43,1.85,1.78,2.12,2.02,26,0.5,1.86,1.84,2.1,2.04
E0,02/12/14,Man United,Stoke,2,1,H,1,1,D,J Moss,10,5,3,4,8,13,2,2,2,4,0,0,1.45,4.5,8.5,1.44,4.25,7.25,1.4,4.4,7.3,1.44,4.5,7.5,1.44,4.7,8.65,1.5,3.6,8,,,,1.45,4.5,8,43,1.5,1.44,4.8,4.45,9.1,7.9,41,1.87,1.78,2.1,2.02,26,-1,1.78,1.72,2.3,2.18
E0,02/12/14,Swansea,QPR,2,0,H,0,0,D,K Friend,18,5,7,1,8,12,9,2,2,2,0,0,1.73,3.8,5.5,1.75,3.5,4.75,1.8,3.5,4.2,1.75,3.75,5,1.72,3.96,5.38,1.75,3.4,5,,,,1.75,3.75,5.4,45,1.8,1.71,3.95,3.7,5.9,5.18,44,1.95,1.88,2,1.92,26,-0.75,1.93,1.9,2.02,1.98
E0,02/12/14,West Brom,West Ham,1,2,A,1,2,A,M Jones,23,11,5,6,11,17,7,3,2,1,0,0,2.5,3.4,3,2.5,3.25,3,2.5,3.3,2.65,2.4,3.3,3,2.54,3.33,3.06,2.5,3,3,,,,2.55,3.3,3,45,2.55,2.46,3.4,3.28,3.2,2.99,44,2.11,2.03,1.86,1.77,28,0,1.8,1.75,2.17,2.12
E0,03/12/14,Arsenal,Southampton,1,0,H,0,0,D,A Marriner,19,6,8,1,7,14,9,4,0,2,0,0,1.8,3.75,5,1.8,3.7,4.75,1.8,3.5,4.2,1.8,3.6,4.5,1.78,3.86,5.02,1.8,3.4,4.6,,,,1.8,3.75,5,46,1.83,1.77,3.85,3.64,5.02,4.76,45,1.96,1.89,1.99,1.91,27,-0.75,2.07,2.01,1.92,1.86
E0,03/12/14,Chelsea,Tottenham,3,0,H,2,0,H,M Dean,12,10,8,2,9,9,1,6,1,1,0,0,1.4,5,9,1.4,4.75,8.5,1.4,4.4,7.3,1.4,4.75,8,1.44,4.93,8.02,1.4,4.2,9,,,,1.44,4.8,8,46,1.45,1.41,5,4.67,9.5,8.05,43,1.75,1.7,2.26,2.14,27,-1.5,2.33,2.22,1.76,1.69
E0,03/12/14,Everton,Hull,1,1,D,1,0,H,R Madley,13,8,5,1,8,12,6,4,1,1,0,0,1.53,4.33,7,1.55,3.8,6,1.55,4,5.5,1.55,4,6,1.5,4.41,7.8,1.55,3.6,7,,,,1.55,4,7,46,1.56,1.51,4.41,4.1,7.8,6.83,45,1.86,1.8,2.1,2,31,-1,1.91,1.86,2.08,2.01
E0,03/12/14,Sunderland,Man City,1,4,A,1,2,A,C Pawson,8,15,2,4,9,8,2,0,1,1,0,0,7.5,4.5,1.5,7,4.1,1.53,6.1,4,1.5,6,4.33,1.53,7.23,4.67,1.5,6.5,3.8,1.53,,,,7,4.4,1.5,47,7.7,6.8,4.67,4.33,1.53,1.49,42,1.68,1.63,2.52,2.25,27,1,2.18,2.09,1.83,1.79
E0,06/12/14,Hull,West Brom,0,0,D,0,0,D,M Oliver,12,6,2,3,10,16,3,2,1,1,0,0,2.45,3.3,3.2,2.5,3.1,2.85,2.3,3.2,3,2.37,3.3,3.2,2.4,3.29,3.33,2.45,3.1,3.1,,,,2.45,3.25,3.25,48,2.5,2.39,3.3,3.22,3.33,3.1,45,2.38,2.23,1.73,1.65,27,-0.25,2.1,2.05,1.89,1.83
E0,06/12/14,Liverpool,Sunderland,0,0,D,0,0,D,N Swarbrick,15,7,2,1,12,15,5,7,1,3,0,0,1.5,4.5,7.5,1.53,4.1,7,1.6,3.7,5.4,1.53,4.2,6.5,1.52,4.46,7.25,1.53,4,6,,,,1.5,4.4,8,47,1.6,1.49,4.55,4.23,8,7,46,1.92,1.83,2.06,1.97,30,-1,1.86,1.8,2.15,2.08
E0,06/12/14,Man City,Everton,1,0,H,1,0,H,A Marriner,19,9,3,2,8,11,11,7,3,3,0,0,1.5,4.75,7,1.53,4.5,6,1.57,3.8,5.5,1.53,4.5,6,1.52,4.75,6.68,1.53,4,6,,,,1.5,4.5,6.5,46,1.57,1.5,4.9,4.44,7.3,6.46,38,1.55,1.5,2.75,2.55,30,-1,1.83,1.77,2.2,2.13
E0,06/12/14,Newcastle,Chelsea,2,1,H,0,0,D,M Atkinson,9,26,3,8,8,6,1,10,2,3,1,0,7,4.33,1.53,6.75,4,1.55,5.5,3.8,1.57,7,4,1.55,6.88,4.37,1.55,6.5,4,1.55,,,,7,4.3,1.53,47,7.5,6.64,4.33,4.08,1.59,1.53,45,2,1.93,1.94,1.87,30,1,2,1.95,1.98,1.92
E0,06/12/14,QPR,Burnley,2,0,H,0,0,D,J Moss,11,15,6,3,12,12,3,11,1,1,1,0,2.05,3.5,4,2.1,3.2,3.5,2.1,3.3,3.3,2.1,3.4,3.8,2.08,3.38,4.1,2.1,3.25,3.6,,,,2.05,3.4,4,46,2.12,2.04,3.55,3.37,4.2,3.81,44,2.16,2.09,1.81,1.74,26,-0.5,2.08,2.02,1.9,1.86
E0,06/12/14,Stoke,Arsenal,3,2,H,3,0,H,A Taylor,13,15,4,6,17,14,3,9,3,2,0,1,4,3.6,2,3.75,3.3,2,3.8,3.45,1.9,4,3.5,2,4.2,3.48,2.02,4,3.2,2,,,,4.2,3.5,2,48,4.2,3.97,3.6,3.45,2.05,1.97,45,2.1,2,1.87,1.8,27,0.5,1.93,1.9,2.02,1.97
E0,06/12/14,Tottenham,Crystal Palace,0,0,D,0,0,D,L Mason,14,16,3,4,11,10,2,12,1,0,0,0,1.6,4.2,6,1.62,3.75,5.25,1.57,3.8,5.5,1.61,4,5.5,1.62,4.19,6.13,1.62,3.6,6,,,,1.62,4.2,6,48,1.65,1.59,4.33,3.95,6.5,5.89,47,1.89,1.77,2.12,2.04,31,-1,2.12,2.05,1.86,1.82
E0,07/12/14,Aston Villa,Leicester,2,1,H,1,1,D,C Pawson,16,10,7,4,9,14,5,5,4,4,0,1,2.4,3.4,3.2,2.4,3.2,3.2,2.2,3.3,3.1,2.3,3.3,3.3,2.37,3.4,3.28,2.4,3.1,3.1,,,,2.45,3.3,3.2,48,2.45,2.34,3.4,3.3,3.3,3.13,46,2.15,2.06,1.83,1.75,27,-0.25,2.08,2.02,1.9,1.85
E0,07/12/14,West Ham,Swansea,3,1,H,1,1,D,C Foy,15,11,7,2,11,18,7,4,0,1,0,1,2.35,3.4,3.25,2.4,3.4,3,2.2,3.3,3.1,2.37,3.3,3.1,2.42,3.43,3.17,2.4,3.1,3.1,,,,2.38,3.4,3.25,48,2.45,2.35,3.5,3.32,3.25,3.09,46,2.13,2.02,1.85,1.78,27,-0.25,2.08,2.01,1.9,1.86
E0,08/12/14,Southampton,Man United,1,2,A,1,1,D,K Friend,15,3,4,2,12,9,5,1,2,1,0,0,2.8,3.4,2.7,2.8,3.25,2.7,2.9,3.3,2.3,2.8,3.4,2.5,2.8,3.45,2.68,2.8,3.25,2.7,,,,2.8,3.4,2.7,47,2.9,2.73,3.5,3.33,2.7,2.61,46,2,1.91,1.99,1.88,27,0,2.03,1.97,1.94,1.89
